scenario,year,group,n_children_weighted,median_nominal_sub,mean_nominal_sub,median_real2026_sub,mean_real2026_sub,median_nominal_subcdctc,mean_nominal_subcdctc,median_real2026_subcdctc,mean_real2026_subcdctc
arpa_cdctc,2026,all_paid_formal,4103145.0,9011.0,10798.0,9011.0,10798.0,6426.0,8699.0,6426.0,8699.0
arpa_cdctc,2026,Low-Priced Center-Based,1794268.0,7772.0,7082.0,7772.0,7082.0,4786.0,4995.0,4786.0,4995.0
arpa_cdctc,2026,High-Priced Center-Based,1286588.0,15222.0,15724.0,15222.0,15724.0,12528.0,13869.0,12528.0,13869.0
arpa_cdctc,2026,Paid Home-Based,1022289.0,9198.0,11121.0,9198.0,11121.0,7323.0,8696.0,7323.0,8696.0
arpa_cdctc,2027,all_paid_formal,4035570.0,9288.0,11119.0,9057.0,10843.0,6697.0,8994.0,6531.0,8770.0
arpa_cdctc,2027,Low-Priced Center-Based,1743233.0,7895.0,7272.0,7699.0,7092.0,5013.0,5180.0,4889.0,5051.0
arpa_cdctc,2027,High-Priced Center-Based,1256284.0,15674.0,16150.0,15284.0,15749.0,12993.0,14285.0,12670.0,13930.0
arpa_cdctc,2027,Paid Home-Based,1036053.0,9480.0,11491.0,9244.0,11206.0,7669.0,8994.0,7479.0,8771.0
arpa_cdctc,2028,all_paid_formal,4021169.0,9570.0,11434.0,9117.0,10893.0,6992.0,9291.0,6661.0,8851.0
arpa_cdctc,2028,Low-Priced Center-Based,1758664.0,8135.0,7508.0,7750.0,7153.0,5153.0,5351.0,4909.0,5098.0
arpa_cdctc,2028,High-Priced Center-Based,1246100.0,16105.0,16678.0,15342.0,15889.0,13528.0,14801.0,12888.0,14100.0
arpa_cdctc,2028,Paid Home-Based,1016405.0,9741.0,11799.0,9280.0,11240.0,7942.0,9352.0,7566.0,8909.0
arpa_cdctc,2029,all_paid_formal,3978437.0,9844.0,11711.0,9169.0,10907.0,7252.0,9540.0,6754.0,8885.0
arpa_cdctc,2029,Low-Priced Center-Based,1723413.0,8329.0,7675.0,7757.0,7148.0,5359.0,5518.0,4992.0,5139.0
arpa_cdctc,2029,High-Priced Center-Based,1255720.0,16388.0,16824.0,15263.0,15669.0,13634.0,14910.0,12698.0,13887.0
arpa_cdctc,2029,Paid Home-Based,999304.0,10005.0,12248.0,9318.0,11407.0,8176.0,9727.0,7615.0,9060.0
arpa_cdctc,2030,all_paid_formal,3898665.0,10117.0,12072.0,9214.0,10994.0,7392.0,9872.0,6732.0,8991.0
arpa_cdctc,2030,Low-Priced Center-Based,1694520.0,8605.0,7899.0,7837.0,7194.0,5525.0,5706.0,5032.0,5196.0
arpa_cdctc,2030,High-Priced Center-Based,1203100.0,17065.0,17815.0,15542.0,16225.0,14773.0,15884.0,13455.0,14466.0
arpa_cdctc,2030,Paid Home-Based,1001045.0,10256.0,12233.0,9340.0,11141.0,8211.0,9701.0,7479.0,8835.0
arpa_cdctc,2031,all_paid_formal,3912157.0,10409.0,12390.0,9271.0,11035.0,7657.0,10171.0,6819.0,9059.0
arpa_cdctc,2031,Low-Priced Center-Based,1698678.0,8813.0,8139.0,7849.0,7249.0,5728.0,5907.0,5101.0,5261.0
arpa_cdctc,2031,High-Priced Center-Based,1221506.0,17353.0,17938.0,15455.0,15976.0,14700.0,16000.0,13092.0,14250.0
arpa_cdctc,2031,Paid Home-Based,991972.0,10525.0,12839.0,9373.0,11434.0,8555.0,10296.0,7619.0,9170.0
arpa_cdctc,2032,all_paid_formal,3851676.0,10715.0,12643.0,9333.0,11011.0,7990.0,10392.0,6959.0,9051.0
arpa_cdctc,2032,Low-Priced Center-Based,1664153.0,9108.0,8377.0,7933.0,7296.0,5954.0,6119.0,5185.0,5330.0
arpa_cdctc,2032,High-Priced Center-Based,1217217.0,17809.0,18305.0,15511.0,15943.0,15085.0,16331.0,13138.0,14224.0
arpa_cdctc,2032,Paid Home-Based,970305.0,10800.0,12856.0,9407.0,11197.0,8808.0,10271.0,7671.0,8946.0
arpa_cdctc,2033,all_paid_formal,3811347.0,10915.0,12922.0,9297.0,11006.0,8134.0,10642.0,6928.0,9064.0
arpa_cdctc,2033,Low-Priced Center-Based,1669734.0,9372.0,8590.0,7982.0,7317.0,6081.0,6299.0,5180.0,5365.0
arpa_cdctc,2033,High-Priced Center-Based,1172050.0,18251.0,18638.0,15545.0,15875.0,15350.0,16682.0,13074.0,14209.0
arpa_cdctc,2033,Paid Home-Based,969563.0,11084.0,13470.0,9441.0,11473.0,9184.0,10819.0,7822.0,9215.0
arpa_cdctc,2034,all_paid_formal,3767401.0,11235.0,13215.0,9358.0,11007.0,8392.0,10907.0,6990.0,9085.0
arpa_cdctc,2034,Low-Priced Center-Based,1634436.0,9647.0,8897.0,8036.0,7411.0,6430.0,6557.0,5356.0,5461.0
arpa_cdctc,2034,High-Priced Center-Based,1175760.0,18592.0,18864.0,15486.0,15713.0,15599.0,16863.0,12993.0,14046.0
arpa_cdctc,2034,Paid Home-Based,957205.0,11379.0,13648.0,9478.0,11368.0,9453.0,11021.0,7874.0,9180.0
arpa_cdctc,2035,all_paid_formal,3758916.0,11545.0,13577.0,9404.0,11060.0,8668.0,11258.0,7060.0,9170.0
arpa_cdctc,2035,Low-Priced Center-Based,1637743.0,9759.0,8988.0,7949.0,7321.0,6213.0,6649.0,5061.0,5416.0
arpa_cdctc,2035,High-Priced Center-Based,1189176.0,19210.0,19530.0,15648.0,15909.0,16319.0,17519.0,13293.0,14270.0
arpa_cdctc,2035,Paid Home-Based,931997.0,11683.0,14046.0,9516.0,11441.0,9706.0,11369.0,7906.0,9261.0
arpa_cdctc,2036,all_paid_formal,3697543.0,11891.0,13928.0,9472.0,11095.0,9088.0,11585.0,7239.0,9228.0
arpa_cdctc,2036,Low-Priced Center-Based,1617923.0,10230.0,9356.0,8149.0,7453.0,6877.0,7004.0,5478.0,5579.0
arpa_cdctc,2036,High-Priced Center-Based,1139868.0,19712.0,20152.0,15702.0,16052.0,16758.0,18118.0,13349.0,14432.0
arpa_cdctc,2036,Paid Home-Based,939752.0,11997.0,14252.0,9557.0,11353.0,9918.0,11547.0,7901.0,9198.0
arpa_cdctc,2037,all_paid_formal,3658366.0,12137.0,14202.0,9454.0,11063.0,9241.0,11851.0,7199.0,9232.0
arpa_cdctc,2037,Low-Priced Center-Based,1603576.0,10349.0,9545.0,8062.0,7436.0,6742.0,7177.0,5252.0,5591.0
arpa_cdctc,2037,High-Priced Center-Based,1141089.0,20098.0,20522.0,15656.0,15986.0,17220.0,18487.0,13414.0,14401.0
arpa_cdctc,2037,Paid Home-Based,913701.0,12219.0,14481.0,9518.0,11281.0,10149.0,11766.0,7906.0,9166.0
arpa_cdctc,2038,all_paid_formal,3637270.0,12540.0,14717.0,9553.0,11212.0,9644.0,12319.0,7347.0,9385.0
arpa_cdctc,2038,Low-Priced Center-Based,1589438.0,10683.0,9833.0,8138.0,7491.0,6927.0,7417.0,5277.0,5650.0
arpa_cdctc,2038,High-Priced Center-Based,1138980.0,20780.0,21262.0,15830.0,16197.0,17694.0,19163.0,13479.0,14598.0
arpa_cdctc,2038,Paid Home-Based,908853.0,12668.0,15058.0,9650.0,11471.0,10524.0,12316.0,8017.0,9382.0
arpa_cdctc,2039,all_paid_formal,3620558.0,12911.0,15039.0,9618.0,11203.0,9981.0,12604.0,7435.0,9389.0
arpa_cdctc,2039,Low-Priced Center-Based,1570141.0,11159.0,10238.0,8313.0,7627.0,7562.0,7743.0,5633.0,5768.0
arpa_cdctc,2039,High-Priced Center-Based,1125709.0,21187.0,21643.0,15783.0,16123.0,18259.0,19584.0,13602.0,14589.0
arpa_cdctc,2039,Paid Home-Based,924707.0,13017.0,15151.0,9697.0,11287.0,10661.0,12360.0,7942.0,9208.0
arpa_cdctc,2040,all_paid_formal,3577238.0,13348.0,15442.0,9724.0,11250.0,10412.0,12991.0,7585.0,9464.0
arpa_cdctc,2040,Low-Priced Center-Based,1544165.0,11298.0,10451.0,8230.0,7614.0,7675.0,7965.0,5591.0,5803.0
arpa_cdctc,2040,High-Priced Center-Based,1114419.0,21910.0,22201.0,15962.0,16173.0,18857.0,20096.0,13737.0,14640.0
arpa_cdctc,2040,Paid Home-Based,918654.0,13378.0,15633.0,9746.0,11389.0,11114.0,12818.0,8097.0,9338.0
arpa_cdctc,2041,all_paid_formal,3595032.0,13350.0,15656.0,9511.0,11153.0,10638.0,13187.0,7579.0,9395.0
arpa_cdctc,2041,Low-Priced Center-Based,1581188.0,11392.0,10608.0,8116.0,7557.0,7659.0,8106.0,5456.0,5775.0
arpa_cdctc,2041,High-Priced Center-Based,1113521.0,22344.0,22496.0,15917.0,16026.0,19226.0,20382.0,13697.0,14520.0
arpa_cdctc,2041,Paid Home-Based,900323.0,13537.0,16060.0,9644.0,11441.0,11320.0,13213.0,8064.0,9413.0
arpa_cdctc,2042,all_paid_formal,3528533.0,13766.0,16028.0,9590.0,11166.0,11020.0,13534.0,7677.0,9428.0
arpa_cdctc,2042,Low-Priced Center-Based,1544017.0,11952.0,11036.0,8326.0,7688.0,8196.0,8476.0,5710.0,5905.0
arpa_cdctc,2042,High-Priced Center-Based,1077553.0,22700.0,23054.0,15814.0,16060.0,19738.0,20928.0,13750.0,14579.0
arpa_cdctc,2042,Paid Home-Based,906963.0,13913.0,16180.0,9692.0,11271.0,11664.0,13360.0,8125.0,9307.0
arpa_cdctc,2043,all_paid_formal,3505216.0,14193.0,16497.0,9669.0,11238.0,11435.0,13978.0,7790.0,9522.0
arpa_cdctc,2043,Low-Priced Center-Based,1534826.0,12111.0,11308.0,8250.0,7703.0,8450.0,8738.0,5756.0,5952.0
arpa_cdctc,2043,High-Priced Center-Based,1073465.0,23152.0,23674.0,15772.0,16128.0,20283.0,21532.0,13817.0,14668.0
arpa_cdctc,2043,Paid Home-Based,896925.0,14298.0,16788.0,9740.0,11437.0,12066.0,13903.0,8220.0,9471.0
arpa_cdctc,2044,all_paid_formal,3452157.0,14520.0,16934.0,9673.0,11281.0,11801.0,14403.0,7861.0,9595.0
arpa_cdctc,2044,Low-Priced Center-Based,1493210.0,12485.0,11650.0,8317.0,7761.0,8708.0,9063.0,5801.0,6038.0
arpa_cdctc,2044,High-Priced Center-Based,1077055.0,23866.0,24202.0,15899.0,16122.0,20864.0,22074.0,13899.0,14705.0
arpa_cdctc,2044,Paid Home-Based,881892.0,14440.0,17005.0,9620.0,11328.0,12158.0,14076.0,8099.0,9377.0
arpa_cdctc,2045,all_paid_formal,3470724.0,14836.0,17365.0,9665.0,11312.0,11832.0,14785.0,7707.0,9631.0
arpa_cdctc,2045,Low-Priced Center-Based,1525157.0,12866.0,11956.0,8381.0,7788.0,8909.0,9294.0,5803.0,6054.0
arpa_cdctc,2045,High-Priced Center-Based,1061919.0,24501.0,24906.0,15960.0,16224.0,21589.0,22787.0,14064.0,14843.0
arpa_cdctc,2045,Paid Home-Based,883648.0,14836.0,17640.0,9665.0,11491.0,12509.0,14647.0,8148.0,9541.0
arpa_cdctc,2046,all_paid_formal,3410153.0,15210.0,17710.0,9688.0,11281.0,12280.0,15119.0,7822.0,9631.0
arpa_cdctc,2046,Low-Priced Center-Based,1474449.0,12438.0,12165.0,7923.0,7749.0,9068.0,9503.0,5776.0,6053.0
arpa_cdctc,2046,High-Priced Center-Based,1066870.0,24550.0,25161.0,15638.0,16027.0,21894.0,22985.0,13946.0,14641.0
arpa_cdctc,2046,Paid Home-Based,868834.0,15241.0,17970.0,9708.0,11447.0,12867.0,14991.0,8196.0,9549.0
arpa_cdctc,2047,all_paid_formal,3332033.0,15653.0,18285.0,9750.0,11389.0,12798.0,15670.0,7972.0,9761.0
arpa_cdctc,2047,Low-Priced Center-Based,1456855.0,13289.0,12611.0,8277.0,7855.0,9575.0,9892.0,5964.0,6162.0
arpa_cdctc,2047,High-Priced Center-Based,1022338.0,26163.0,26447.0,16296.0,16473.0,23070.0,24282.0,14370.0,15125.0
arpa_cdctc,2047,Paid Home-Based,852840.0,15602.0,18192.0,9718.0,11332.0,13181.0,15217.0,8210.0,9478.0
arpa_cdctc,2048,all_paid_formal,3315471.0,16132.0,18798.0,9825.0,11450.0,13206.0,16146.0,8043.0,9834.0
arpa_cdctc,2048,Low-Priced Center-Based,1441973.0,14058.0,13045.0,8563.0,7946.0,9924.0,10268.0,6044.0,6254.0
arpa_cdctc,2048,High-Priced Center-Based,1039654.0,26563.0,26725.0,16179.0,16277.0,23251.0,24550.0,14161.0,14953.0
arpa_cdctc,2048,Paid Home-Based,833845.0,16076.0,18864.0,9792.0,11490.0,13650.0,15834.0,8314.0,9644.0
arpa_cdctc,2049,all_paid_formal,3279694.0,16570.0,19233.0,9868.0,11454.0,13579.0,16547.0,8087.0,9855.0
arpa_cdctc,2049,Low-Priced Center-Based,1429853.0,14049.0,13345.0,8367.0,7948.0,10217.0,10568.0,6085.0,6294.0
arpa_cdctc,2049,High-Priced Center-Based,1014064.0,27551.0,27615.0,16409.0,16447.0,24065.0,25406.0,14333.0,15131.0
arpa_cdctc,2049,Paid Home-Based,835777.0,16455.0,19134.0,9800.0,11396.0,13938.0,16026.0,8301.0,9545.0
arpa_cdctc,2050,all_paid_formal,3216150.0,16954.0,19551.0,9873.0,11386.0,13815.0,16848.0,8045.0,9812.0
arpa_cdctc,2050,Low-Priced Center-Based,1390156.0,14903.0,13834.0,8679.0,8056.0,10520.0,11002.0,6126.0,6407.0
arpa_cdctc,2050,High-Priced Center-Based,989135.0,27024.0,27612.0,15738.0,16081.0,23946.0,25413.0,13945.0,14800.0
arpa_cdctc,2050,Paid Home-Based,836859.0,16634.0,19519.0,9687.0,11367.0,14128.0,16437.0,8228.0,9572.0
arpa_cdctc,2051,all_paid_formal,3174396.0,17410.0,20156.0,9914.0,11478.0,14357.0,17439.0,8176.0,9931.0
arpa_cdctc,2051,Low-Priced Center-Based,1387044.0,14399.0,14092.0,8200.0,8025.0,10831.0,11236.0,6168.0,6398.0
arpa_cdctc,2051,High-Priced Center-Based,984091.0,28507.0,28955.0,16234.0,16489.0,25319.0,26752.0,14418.0,15234.0
arpa_cdctc,2051,Paid Home-Based,803261.0,17082.0,19848.0,9727.0,11302.0,14792.0,16741.0,8423.0,9533.0
arpa_cdctc,2052,all_paid_formal,3160200.0,17879.0,20561.0,9955.0,11449.0,14716.0,17810.0,8194.0,9917.0
arpa_cdctc,2052,Low-Priced Center-Based,1396516.0,14825.0,14445.0,8255.0,8043.0,11151.0,11580.0,6209.0,6448.0
arpa_cdctc,2052,High-Priced Center-Based,960832.0,28891.0,29392.0,16087.0,16366.0,25846.0,27114.0,14391.0,15098.0
arpa_cdctc,2052,Paid Home-Based,802852.0,17542.0,20632.0,9768.0,11488.0,15209.0,17511.0,8469.0,9750.0
arpa_cdctc,2053,all_paid_formal,3099633.0,18408.0,20970.0,10023.0,11417.0,15178.0,18216.0,8264.0,9918.0
arpa_cdctc,2053,Low-Priced Center-Based,1368622.0,15786.0,14921.0,8595.0,8124.0,11481.0,12048.0,6251.0,6560.0
arpa_cdctc,2053,High-Priced Center-Based,954267.0,29555.0,29729.0,16092.0,16186.0,26538.0,27490.0,14449.0,14967.0
arpa_cdctc,2053,Paid Home-Based,776744.0,18360.0,20868.0,9997.0,11362.0,15637.0,17689.0,8514.0,9631.0
arpa_cdctc,2054,all_paid_formal,3039928.0,18838.0,21549.0,10029.0,11472.0,15616.0,18754.0,8314.0,9984.0
arpa_cdctc,2054,Low-Priced Center-Based,1323693.0,15699.0,15310.0,8358.0,8151.0,11820.0,12344.0,6293.0,6571.0
arpa_cdctc,2054,High-Priced Center-Based,923706.0,29963.0,30663.0,15952.0,16324.0,27249.0,28411.0,14507.0,15125.0
arpa_cdctc,2054,Paid Home-Based,792529.0,18462.0,21348.0,9829.0,11365.0,16078.0,18204.0,8560.0,9692.0
arpa_cdctc,2055,all_paid_formal,3041980.0,19366.0,22089.0,10081.0,11499.0,16130.0,19240.0,8397.0,10016.0
arpa_cdctc,2055,Low-Priced Center-Based,1357953.0,16165.0,15693.0,8415.0,8169.0,12172.0,12693.0,6336.0,6607.0
arpa_cdctc,2055,High-Priced Center-Based,919960.0,31486.0,31543.0,16391.0,16420.0,28099.0,29238.0,14627.0,15220.0
arpa_cdctc,2055,Paid Home-Based,764067.0,19000.0,22076.0,9891.0,11492.0,16534.0,18837.0,8607.0,9806.0
baseline,2026,all_paid_formal,3566717.0,8610.0,10446.0,8610.0,10446.0,8116.0,10006.0,8116.0,10006.0
baseline,2026,Low-Priced Center-Based,1545211.0,7189.0,6570.0,7189.0,6570.0,6642.0,6194.0,6642.0,6194.0
baseline,2026,High-Priced Center-Based,1163592.0,14713.0,15346.0,14713.0,15346.0,14051.0,14856.0,14051.0,14856.0
baseline,2026,Paid Home-Based,857914.0,9031.0,10781.0,9031.0,10781.0,8431.0,10295.0,8431.0,10295.0
baseline,2027,all_paid_formal,3528211.0,8911.0,10752.0,8689.0,10485.0,8401.0,10321.0,8192.0,10065.0
baseline,2027,Low-Priced Center-Based,1532924.0,7477.0,6781.0,7292.0,6613.0,6903.0,6413.0,6732.0,6254.0
baseline,2027,High-Priced Center-Based,1136392.0,15315.0,15787.0,14934.0,15395.0,14670.0,15301.0,14306.0,14921.0
baseline,2027,Paid Home-Based,858896.0,9308.0,11179.0,9077.0,10901.0,8717.0,10708.0,8500.0,10442.0
baseline,2028,all_paid_formal,3492930.0,9104.0,11057.0,8673.0,10534.0,8663.0,10640.0,8252.0,10137.0
baseline,2028,Low-Priced Center-Based,1518851.0,7534.0,6973.0,7177.0,6643.0,7063.0,6619.0,6729.0,6306.0
baseline,2028,High-Priced Center-Based,1119626.0,15723.0,16315.0,14979.0,15543.0,15187.0,15838.0,14468.0,15088.0
baseline,2028,Paid Home-Based,854453.0,9564.0,11426.0,9111.0,10885.0,8964.0,10977.0,8540.0,10458.0
baseline,2029,all_paid_formal,3463838.0,9368.0,11302.0,8725.0,10526.0,8904.0,10884.0,8293.0,10137.0
baseline,2029,Low-Priced Center-Based,1495373.0,7753.0,7145.0,7221.0,6654.0,7288.0,6788.0,6788.0,6322.0
baseline,2029,High-Priced Center-Based,1121659.0,15910.0,16415.0,14818.0,15289.0,15248.0,15940.0,14201.0,14846.0
baseline,2029,Paid Home-Based,846806.0,9817.0,11870.0,9143.0,11055.0,9225.0,11422.0,8592.0,10638.0
baseline,2030,all_paid_formal,3377090.0,9573.0,11687.0,8719.0,10644.0,9136.0,11282.0,8320.0,10275.0
baseline,2030,Low-Priced Center-Based,1468631.0,7974.0,7347.0,7262.0,6691.0,7598.0,7000.0,6920.0,6375.0
baseline,2030,High-Priced Center-Based,1078848.0,16795.0,17405.0,15296.0,15852.0,16240.0,16933.0,14790.0,15422.0
baseline,2030,Paid Home-Based,829612.0,9915.0,11935.0,9030.0,10870.0,9472.0,11511.0,8626.0,10484.0
baseline,2031,all_paid_formal,3410893.0,9969.0,12064.0,8879.0,10745.0,9451.0,11669.0,8417.0,10393.0
baseline,2031,Low-Priced Center-Based,1462701.0,8051.0,7567.0,7171.0,6739.0,7701.0,7231.0,6859.0,6440.0
baseline,2031,High-Priced Center-Based,1113044.0,16961.0,17538.0,15105.0,15620.0,16229.0,17081.0,14454.0,15213.0
baseline,2031,Paid Home-Based,835148.0,10337.0,12646.0,9207.0,11263.0,9752.0,12229.0,8685.0,10891.0
baseline,2032,all_paid_formal,3358240.0,10232.0,12281.0,8911.0,10696.0,9798.0,11896.0,8534.0,10361.0
baseline,2032,Low-Priced Center-Based,1436970.0,8444.0,7824.0,7354.0,6814.0,8195.0,7503.0,7138.0,6534.0
baseline,2032,High-Priced Center-Based,1098656.0,17516.0,17897.0,15256.0,15587.0,17064.0,17440.0,14862.0,15189.0
baseline,2032,Paid Home-Based,822615.0,10608.0,12567.0,9239.0,10945.0,10008.0,12165.0,8717.0,10596.0
baseline,2033,all_paid_formal,3339603.0,10494.0,12573.0,8938.0,10709.0,10010.0,12190.0,8526.0,10383.0
baseline,2033,Low-Priced Center-Based,1456596.0,8526.0,8022.0,7262.0,6833.0,8242.0,7701.0,7020.0,6559.0
baseline,2033,High-Priced Center-Based,1071032.0,17841.0,18360.0,15196.0,15638.0,17133.0,17902.0,14593.0,15248.0
baseline,2033,Paid Home-Based,811974.0,10888.0,13104.0,9274.0,11161.0,10298.0,12709.0,8771.0,10825.0
baseline,2034,all_paid_formal,3300311.0,10766.0,12804.0,8968.0,10665.0,10355.0,12433.0,8625.0,10356.0
baseline,2034,Low-Priced Center-Based,1419833.0,8947.0,8282.0,7453.0,6898.0,8599.0,7973.0,7162.0,6641.0
baseline,2034,High-Priced Center-Based,1067752.0,17708.0,18360.0,14750.0,15293.0,17385.0,17916.0,14481.0,14923.0
baseline,2034,Paid Home-Based,812726.0,11178.0,13405.0,9311.0,11165.0,10588.0,13021.0,8820.0,10846.0
baseline,2035,all_paid_formal,3280953.0,11050.0,13168.0,9001.0,10726.0,10642.0,12800.0,8668.0,10426.0
baseline,2035,Low-Priced Center-Based,1424139.0,8648.0,8431.0,7044.0,6868.0,8640.0,8129.0,7038.0,6622.0
baseline,2035,High-Priced Center-Based,1074500.0,18592.0,19038.0,15144.0,15508.0,18151.0,18595.0,14785.0,15147.0
baseline,2035,Paid Home-Based,782313.0,11479.0,13727.0,9350.0,11182.0,10889.0,13343.0,8870.0,10868.0
baseline,2036,all_paid_formal,3224891.0,11383.0,13545.0,9068.0,10789.0,11088.0,13182.0,8832.0,10501.0
baseline,2036,Low-Priced Center-Based,1402348.0,9493.0,8768.0,7562.0,6984.0,9242.0,8467.0,7362.0,6745.0
baseline,2036,High-Priced Center-Based,1042404.0,19274.0,19721.0,15353.0,15709.0,18648.0,19278.0,14855.0,15356.0
baseline,2036,Paid Home-Based,780140.0,11789.0,13879.0,9391.0,11055.0,11199.0,13514.0,8921.0,10765.0
baseline,2037,all_paid_formal,3209132.0,11501.0,13836.0,8959.0,10778.0,11199.0,13480.0,8724.0,10501.0
baseline,2037,Low-Priced Center-Based,1400133.0,9179.0,8943.0,7150.0,6967.0,9179.0,8650.0,7150.0,6738.0
baseline,2037,High-Priced Center-Based,1040572.0,19792.0,20097.0,15417.0,15655.0,19138.0,19663.0,14908.0,15317.0
baseline,2037,Paid Home-Based,768427.0,12116.0,14271.0,9438.0,11117.0,11516.0,13909.0,8971.0,10835.0
baseline,2038,all_paid_formal,3218327.0,11954.0,14278.0,9106.0,10877.0,11596.0,13927.0,8834.0,10609.0
baseline,2038,Low-Priced Center-Based,1402583.0,9828.0,9238.0,7487.0,7038.0,9672.0,8948.0,7368.0,6816.0
baseline,2038,High-Priced Center-Based,1039458.0,20105.0,20708.0,15315.0,15775.0,19662.0,20271.0,14978.0,15442.0
baseline,2038,Paid Home-Based,776285.0,12450.0,14774.0,9484.0,11255.0,11850.0,14428.0,9027.0,10991.0
baseline,2039,all_paid_formal,3173176.0,12340.0,14633.0,9192.0,10901.0,12071.0,14289.0,8992.0,10644.0
baseline,2039,Low-Priced Center-Based,1362976.0,10412.0,9623.0,7756.0,7169.0,10105.0,9339.0,7527.0,6957.0
baseline,2039,High-Priced Center-Based,1025463.0,20645.0,21174.0,15380.0,15774.0,20191.0,20743.0,15041.0,15452.0
baseline,2039,Paid Home-Based,784737.0,12412.0,14786.0,9247.0,11015.0,12195.0,14452.0,9085.0,10766.0
baseline,2040,all_paid_formal,3143210.0,12725.0,15052.0,9270.0,10965.0,12512.0,14714.0,9115.0,10719.0
baseline,2040,Low-Priced Center-Based,1347412.0,10068.0,9800.0,7335.0,7139.0,10039.0,9522.0,7313.0,6937.0
baseline,2040,High-Priced Center-Based,1009378.0,21432.0,21794.0,15613.0,15877.0,20987.0,21373.0,15289.0,15570.0
baseline,2040,Paid Home-Based,786420.0,13152.0,15395.0,9581.0,11215.0,12552.0,15063.0,9144.0,10973.0
baseline,2041,all_paid_formal,3173471.0,12884.0,15278.0,9179.0,10884.0,12596.0,14949.0,8974.0,10649.0
baseline,2041,Low-Priced Center-Based,1380267.0,10306.0,9982.0,7342.0,7111.0,10174.0,9717.0,7248.0,6922.0
baseline,2041,High-Priced Center-Based,1028459.0,21630.0,22057.0,15409.0,15713.0,21157.0,21633.0,15072.0,15411.0
baseline,2041,Paid Home-Based,764746.0,13115.0,15720.0,9343.0,11199.0,12919.0,15401.0,9204.0,10971.0
baseline,2042,all_paid_formal,3118944.0,13290.0,15648.0,9258.0,10901.0,13012.0,15318.0,9065.0,10671.0
baseline,2042,Low-Priced Center-Based,1349938.0,10713.0,10391.0,7463.0,7238.0,10587.0,10125.0,7375.0,7054.0
baseline,2042,High-Priced Center-Based,983965.0,21942.0,22680.0,15285.0,15800.0,21616.0,22252.0,15059.0,15501.0
baseline,2042,Paid Home-Based,785042.0,13446.0,15874.0,9367.0,11058.0,13297.0,15557.0,9263.0,10838.0
baseline,2043,all_paid_formal,3108468.0,13775.0,16164.0,9384.0,11012.0,13495.0,15844.0,9193.0,10793.0
baseline,2043,Low-Priced Center-Based,1357123.0,11049.0,10687.0,7527.0,7281.0,10962.0,10429.0,7468.0,7104.0
baseline,2043,High-Priced Center-Based,986544.0,22533.0,23355.0,15350.0,15910.0,22215.0,22935.0,15133.0,15624.0
baseline,2043,Paid Home-Based,764800.0,14062.0,16608.0,9579.0,11314.0,13696.0,16307.0,9330.0,11109.0
baseline,2044,all_paid_formal,3061899.0,14157.0,16614.0,9431.0,11068.0,13905.0,16294.0,9263.0,10854.0
baseline,2044,Low-Priced Center-Based,1314956.0,11393.0,10985.0,7590.0,7318.0,11393.0,10724.0,7590.0,7144.0
baseline,2044,High-Priced Center-Based,999532.0,23429.0,23910.0,15608.0,15928.0,22839.0,23497.0,15215.0,15653.0
baseline,2044,Paid Home-Based,747412.0,14204.0,16761.0,9462.0,11166.0,14080.0,16460.0,9380.0,10965.0
baseline,2045,all_paid_formal,3070403.0,14376.0,16996.0,9365.0,11071.0,14081.0,16686.0,9173.0,10869.0
baseline,2045,Low-Priced Center-Based,1339548.0,11607.0,11244.0,7561.0,7324.0,11484.0,10996.0,7481.0,7163.0
baseline,2045,High-Priced Center-Based,978228.0,23759.0,24551.0,15477.0,15993.0,23456.0,24142.0,15279.0,15726.0
baseline,2045,Paid Home-Based,752627.0,14596.0,17414.0,9508.0,11344.0,14485.0,17123.0,9436.0,11154.0
baseline,2046,all_paid_formal,3024260.0,14779.0,17389.0,9414.0,11076.0,14387.0,17087.0,9164.0,10884.0
baseline,2046,Low-Priced Center-Based,1297918.0,11527.0,11490.0,7343.0,7319.0,11504.0,11250.0,7328.0,7166.0
baseline,2046,High-Priced Center-Based,977510.0,24023.0,24885.0,15302.0,15851.0,23745.0,24495.0,15125.0,15603.0
baseline,2046,Paid Home-Based,748832.0,14996.0,17827.0,9552.0,11355.0,14899.0,17536.0,9490.0,11170.0
baseline,2047,all_paid_formal,2963285.0,15247.0,17916.0,9497.0,11159.0,14988.0,17610.0,9336.0,10969.0
baseline,2047,Low-Priced Center-Based,1290630.0,12371.0,11997.0,7705.0,7473.0,12216.0,11754.0,7609.0,7321.0
baseline,2047,High-Priced Center-Based,942828.0,25522.0,26029.0,15897.0,16213.0,25002.0,25625.0,15573.0,15961.0
baseline,2047,Paid Home-Based,729827.0,15354.0,17901.0,9564.0,11150.0,15114.0,17613.0,9414.0,10971.0
baseline,2048,all_paid_formal,2953437.0,15724.0,18426.0,9577.0,11223.0,15458.0,18127.0,9415.0,11041.0
baseline,2048,Low-Priced Center-Based,1272709.0,12846.0,12416.0,7824.0,7562.0,12846.0,12174.0,7824.0,7415.0
baseline,2048,High-Priced Center-Based,957722.0,26019.0,26322.0,15847.0,16032.0,25419.0,25932.0,15482.0,15794.0
baseline,2048,Paid Home-Based,723006.0,15824.0,18547.0,9638.0,11296.0,15755.0,18267.0,9596.0,11126.0
baseline,2049,all_paid_formal,2906981.0,16156.0,18814.0,9622.0,11205.0,15846.0,18523.0,9437.0,11032.0
baseline,2049,Low-Priced Center-Based,1258647.0,12937.0,12632.0,7705.0,7523.0,12587.0,12404.0,7497.0,7388.0
baseline,2049,High-Priced Center-Based,934114.0,26703.0,26994.0,15903.0,16077.0,26284.0,26604.0,15654.0,15845.0
baseline,2049,Paid Home-Based,714220.0,16252.0,19008.0,9679.0,11321.0,16197.0,18737.0,9647.0,11159.0
baseline,2050,all_paid_formal,2862171.0,16479.0,19204.0,9597.0,11184.0,16197.0,18918.0,9433.0,11017.0
baseline,2050,Low-Priced Center-Based,1226898.0,13518.0,13119.0,7873.0,7640.0,13349.0,12892.0,7774.0,7508.0
baseline,2050,High-Priced Center-Based,915751.0,26525.0,27296.0,15447.0,15896.0,26058.0,26917.0,15176.0,15675.0
baseline,2050,Paid Home-Based,719521.0,16638.0,19280.0,9689.0,11228.0,16378.0,19014.0,9538.0,11073.0
baseline,2051,all_paid_formal,2851149.0,16979.0,19749.0,9669.0,11246.0,16683.0,19467.0,9500.0,11085.0
baseline,2051,Low-Priced Center-Based,1230673.0,13723.0,13348.0,7815.0,7601.0,13352.0,13121.0,7604.0,7472.0
baseline,2051,High-Priced Center-Based,919234.0,27693.0,28451.0,15770.0,16202.0,27414.0,28079.0,15611.0,15990.0
baseline,2051,Paid Home-Based,701241.0,17089.0,19573.0,9731.0,11146.0,16821.0,19313.0,9579.0,10998.0
baseline,2052,all_paid_formal,2843385.0,17346.0,20160.0,9658.0,11225.0,17067.0,19883.0,9503.0,11071.0
baseline,2052,Low-Priced Center-Based,1249922.0,14160.0,13700.0,7884.0,7628.0,13752.0,13478.0,7657.0,7505.0
baseline,2052,High-Priced Center-Based,894135.0,28139.0,29016.0,15668.0,16157.0,27909.0,28644.0,15540.0,15950.0
baseline,2052,Paid Home-Based,699328.0,17552.0,20381.0,9773.0,11349.0,17277.0,20130.0,9620.0,11209.0
baseline,2053,all_paid_formal,2767430.0,17912.0,20544.0,9753.0,11185.0,17600.0,20271.0,9583.0,11037.0
baseline,2053,Low-Priced Center-Based,1207020.0,14582.0,14184.0,7940.0,7723.0,14291.0,13965.0,7781.0,7604.0
baseline,2053,High-Priced Center-Based,880015.0,28817.0,29265.0,15690.0,15934.0,28278.0,28898.0,15396.0,15734.0
baseline,2053,Paid Home-Based,680395.0,18027.0,20547.0,9815.0,11187.0,17745.0,20298.0,9662.0,11052.0
baseline,2054,all_paid_formal,2719010.0,18254.0,21227.0,9718.0,11301.0,18112.0,20958.0,9642.0,11158.0
baseline,2054,Low-Priced Center-Based,1165331.0,14717.0,14537.0,7835.0,7739.0,14584.0,14325.0,7764.0,7627.0
baseline,2054,High-Priced Center-Based,863401.0,29574.0,30442.0,15745.0,16207.0,28984.0,30075.0,15431.0,16012.0
baseline,2054,Paid Home-Based,690278.0,18226.0,20996.0,9703.0,11178.0,18189.0,20751.0,9683.0,11047.0
baseline,2055,all_paid_formal,2714108.0,18771.0,21715.0,9771.0,11304.0,18576.0,21452.0,9670.0,11167.0
baseline,2055,Low-Priced Center-Based,1197919.0,15023.0,14856.0,7820.0,7733.0,15002.0,14650.0,7809.0,7626.0
baseline,2055,High-Priced Center-Based,860277.0,30726.0,31145.0,15995.0,16213.0,30356.0,30786.0,15802.0,16026.0
baseline,2055,Paid Home-Based,655912.0,19020.0,21875.0,9901.0,11387.0,18722.0,21630.0,9746.0,11260.0
child_ubi_1k,2026,all_paid_formal,3554569.0,8607.0,10414.0,8607.0,10414.0,8106.0,9972.0,8106.0,9972.0
child_ubi_1k,2026,Low-Priced Center-Based,1542350.0,7185.0,6571.0,7185.0,6571.0,6648.0,6194.0,6648.0,6194.0
child_ubi_1k,2026,High-Priced Center-Based,1157647.0,14667.0,15258.0,14667.0,15258.0,14010.0,14765.0,14010.0,14765.0
child_ubi_1k,2026,Paid Home-Based,854573.0,9028.0,10788.0,9028.0,10788.0,8428.0,10299.0,8428.0,10299.0
child_ubi_1k,2027,all_paid_formal,3517749.0,8906.0,10739.0,8685.0,10472.0,8397.0,10306.0,8188.0,10050.0
child_ubi_1k,2027,Low-Priced Center-Based,1527621.0,7474.0,6778.0,7288.0,6610.0,6899.0,6410.0,6728.0,6250.0
child_ubi_1k,2027,High-Priced Center-Based,1133215.0,15311.0,15752.0,14930.0,15360.0,14650.0,15264.0,14286.0,14885.0
child_ubi_1k,2027,Paid Home-Based,856913.0,9305.0,11170.0,9074.0,10892.0,8714.0,10697.0,8497.0,10431.0
child_ubi_1k,2028,all_paid_formal,3485023.0,9100.0,11055.0,8670.0,10532.0,8666.0,10637.0,8255.0,10134.0
child_ubi_1k,2028,Low-Priced Center-Based,1514538.0,7530.0,6974.0,7174.0,6644.0,7060.0,6619.0,6726.0,6306.0
child_ubi_1k,2028,High-Priced Center-Based,1118636.0,15719.0,16296.0,14975.0,15524.0,15119.0,15818.0,14404.0,15069.0
child_ubi_1k,2028,Paid Home-Based,851849.0,9562.0,11428.0,9109.0,10887.0,8962.0,10979.0,8537.0,10459.0
child_ubi_1k,2029,all_paid_formal,3456157.0,9384.0,11291.0,8740.0,10516.0,8902.0,10873.0,8291.0,10126.0
child_ubi_1k,2029,Low-Priced Center-Based,1492442.0,7749.0,7143.0,7217.0,6653.0,7294.0,6785.0,6793.0,6320.0
child_ubi_1k,2029,High-Priced Center-Based,1119630.0,15906.0,16382.0,14814.0,15257.0,15244.0,15906.0,14197.0,14814.0
child_ubi_1k,2029,Paid Home-Based,844085.0,9814.0,11873.0,9140.0,11058.0,9223.0,11424.0,8590.0,10639.0
child_ubi_1k,2030,all_paid_formal,3368392.0,9571.0,11681.0,8717.0,10638.0,9131.0,11274.0,8316.0,10268.0
child_ubi_1k,2030,Low-Priced Center-Based,1467182.0,7970.0,7337.0,7259.0,6682.0,7594.0,6989.0,6917.0,6366.0
child_ubi_1k,2030,High-Priced Center-Based,1075214.0,16791.0,17386.0,15292.0,15834.0,16191.0,16912.0,14746.0,15403.0
child_ubi_1k,2030,Paid Home-Based,825996.0,10069.0,11971.0,9170.0,10903.0,9469.0,11545.0,8624.0,10515.0
child_ubi_1k,2031,all_paid_formal,3401470.0,9966.0,12055.0,8876.0,10737.0,9475.0,11659.0,8439.0,10384.0
child_ubi_1k,2031,Low-Priced Center-Based,1460432.0,8048.0,7562.0,7167.0,6735.0,7697.0,7226.0,6855.0,6435.0
child_ubi_1k,2031,High-Priced Center-Based,1109300.0,16786.0,17525.0,14950.0,15608.0,16225.0,17067.0,14450.0,15200.0
child_ubi_1k,2031,Paid Home-Based,831738.0,10335.0,12650.0,9204.0,11266.0,9749.0,12231.0,8683.0,10893.0
child_ubi_1k,2032,all_paid_formal,3350627.0,10229.0,12283.0,8909.0,10698.0,9815.0,11896.0,8548.0,10361.0
child_ubi_1k,2032,Low-Priced Center-Based,1433817.0,8440.0,7821.0,7351.0,6812.0,8191.0,7499.0,7134.0,6531.0
child_ubi_1k,2032,High-Priced Center-Based,1097516.0,17512.0,17875.0,15252.0,15568.0,17060.0,17418.0,14859.0,15170.0
child_ubi_1k,2032,Paid Home-Based,819293.0,10605.0,12599.0,9237.0,10974.0,10005.0,12196.0,8714.0,10623.0
child_ubi_1k,2033,all_paid_formal,3335131.0,10492.0,12568.0,8937.0,10705.0,10006.0,12184.0,8522.0,10378.0
child_ubi_1k,2033,Low-Priced Center-Based,1455298.0,8522.0,8021.0,7259.0,6832.0,8238.0,7700.0,7016.0,6558.0
child_ubi_1k,2033,High-Priced Center-Based,1069855.0,17837.0,18337.0,15192.0,15618.0,17129.0,17878.0,14589.0,15228.0
child_ubi_1k,2033,Paid Home-Based,809978.0,10886.0,13117.0,9272.0,11173.0,10295.0,12721.0,8769.0,10835.0
child_ubi_1k,2034,all_paid_formal,3290788.0,10764.0,12815.0,8966.0,10674.0,10399.0,12442.0,8662.0,10364.0
child_ubi_1k,2034,Low-Priced Center-Based,1415057.0,8943.0,8282.0,7449.0,6899.0,8642.0,7972.0,7199.0,6640.0
child_ubi_1k,2034,High-Priced Center-Based,1065992.0,17704.0,18350.0,14747.0,15284.0,17347.0,17904.0,14449.0,14913.0
child_ubi_1k,2034,Paid Home-Based,809740.0,11175.0,13450.0,9309.0,11203.0,10585.0,13063.0,8817.0,10881.0
child_ubi_1k,2035,all_paid_formal,3274050.0,11046.0,13165.0,8997.0,10723.0,10647.0,12796.0,8672.0,10423.0
child_ubi_1k,2035,Low-Priced Center-Based,1420495.0,8644.0,8429.0,7041.0,6866.0,8636.0,8126.0,7035.0,6619.0
child_ubi_1k,2035,High-Priced Center-Based,1073451.0,18588.0,19010.0,15141.0,15485.0,18096.0,18566.0,14740.0,15123.0
child_ubi_1k,2035,Paid Home-Based,780104.0,11476.0,13745.0,9348.0,11196.0,10886.0,13359.0,8868.0,10882.0
child_ubi_1k,2036,all_paid_formal,3215544.0,11378.0,13532.0,9064.0,10779.0,11083.0,13169.0,8828.0,10490.0
child_ubi_1k,2036,Low-Priced Center-Based,1399011.0,9489.0,8767.0,7559.0,6984.0,9238.0,8466.0,7358.0,6744.0
child_ubi_1k,2036,High-Priced Center-Based,1040289.0,19076.0,19663.0,15195.0,15663.0,18602.0,19218.0,14818.0,15309.0
child_ubi_1k,2036,Paid Home-Based,776243.0,11786.0,13904.0,9388.0,11075.0,11197.0,13537.0,8919.0,10783.0
child_ubi_1k,2037,all_paid_formal,3201503.0,11640.0,13836.0,9067.0,10778.0,11204.0,13479.0,8727.0,10500.0
child_ubi_1k,2037,Low-Priced Center-Based,1397541.0,9175.0,8947.0,7147.0,6969.0,9175.0,8653.0,7147.0,6740.0
child_ubi_1k,2037,High-Priced Center-Based,1038142.0,19588.0,20072.0,15259.0,15636.0,19134.0,19636.0,14905.0,15296.0
child_ubi_1k,2037,Paid Home-Based,765820.0,12113.0,14304.0,9436.0,11143.0,11513.0,13941.0,8968.0,10860.0
child_ubi_1k,2038,all_paid_formal,3210378.0,11952.0,14285.0,9105.0,10882.0,11594.0,13933.0,8832.0,10614.0
child_ubi_1k,2038,Low-Priced Center-Based,1398927.0,9824.0,9237.0,7484.0,7036.0,9667.0,8945.0,7365.0,6814.0
child_ubi_1k,2038,High-Priced Center-Based,1038150.0,20113.0,20690.0,15322.0,15761.0,19658.0,20252.0,14975.0,15428.0
child_ubi_1k,2038,Paid Home-Based,773301.0,12447.0,14819.0,9482.0,11289.0,11847.0,14471.0,9025.0,11024.0
child_ubi_1k,2039,all_paid_formal,3167390.0,12337.0,14647.0,9190.0,10912.0,12068.0,14302.0,8990.0,10654.0
child_ubi_1k,2039,Low-Priced Center-Based,1360239.0,10407.0,9627.0,7753.0,7171.0,10100.0,9341.0,7524.0,6959.0
child_ubi_1k,2039,High-Priced Center-Based,1024985.0,20641.0,21159.0,15377.0,15763.0,20141.0,20727.0,15004.0,15441.0
child_ubi_1k,2039,Paid Home-Based,782166.0,12594.0,14846.0,9382.0,11059.0,12192.0,14510.0,9083.0,10810.0
child_ubi_1k,2040,all_paid_formal,3134100.0,12722.0,15051.0,9268.0,10965.0,12507.0,14713.0,9111.0,10718.0
child_ubi_1k,2040,Low-Priced Center-Based,1344280.0,10064.0,9788.0,7332.0,7131.0,9986.0,9509.0,7275.0,6927.0
child_ubi_1k,2040,High-Priced Center-Based,1006381.0,21427.0,21781.0,15610.0,15867.0,20982.0,21358.0,15285.0,15559.0
child_ubi_1k,2040,Paid Home-Based,783439.0,13149.0,15437.0,9579.0,11246.0,12549.0,15104.0,9142.0,11003.0
child_ubi_1k,2041,all_paid_formal,3165129.0,12920.0,15268.0,9204.0,10877.0,12643.0,14938.0,9007.0,10642.0
child_ubi_1k,2041,Low-Priced Center-Based,1376919.0,10302.0,9989.0,7339.0,7116.0,10170.0,9723.0,7245.0,6927.0
child_ubi_1k,2041,High-Priced Center-Based,1026287.0,21626.0,21992.0,15406.0,15667.0,21153.0,21568.0,15069.0,15365.0
child_ubi_1k,2041,Paid Home-Based,761923.0,13306.0,15752.0,9479.0,11222.0,12916.0,15432.0,9202.0,10994.0
child_ubi_1k,2042,all_paid_formal,3110339.0,13285.0,15640.0,9255.0,10896.0,13041.0,15310.0,9085.0,10665.0
child_ubi_1k,2042,Low-Priced Center-Based,1344058.0,10709.0,10394.0,7460.0,7241.0,10583.0,10127.0,7373.0,7055.0
child_ubi_1k,2042,High-Priced Center-Based,982397.0,21937.0,22616.0,15282.0,15756.0,21606.0,22188.0,15052.0,15457.0
child_ubi_1k,2042,Paid Home-Based,783885.0,13478.0,15893.0,9389.0,11072.0,13294.0,15576.0,9261.0,10851.0
child_ubi_1k,2043,all_paid_formal,3104166.0,13793.0,16172.0,9396.0,11017.0,13518.0,15851.0,9209.0,10798.0
child_ubi_1k,2043,Low-Priced Center-Based,1354670.0,11044.0,10686.0,7524.0,7280.0,10959.0,10427.0,7466.0,7104.0
child_ubi_1k,2043,High-Priced Center-Based,986008.0,22690.0,23355.0,15457.0,15910.0,22210.0,22935.0,15130.0,15624.0
child_ubi_1k,2043,Paid Home-Based,763488.0,14154.0,16630.0,9642.0,11329.0,13693.0,16327.0,9328.0,11123.0
child_ubi_1k,2044,all_paid_formal,3054184.0,14154.0,16627.0,9429.0,11076.0,13906.0,16305.0,9264.0,10862.0
child_ubi_1k,2044,Low-Priced Center-Based,1309661.0,11389.0,10988.0,7587.0,7320.0,11389.0,10726.0,7587.0,7145.0
child_ubi_1k,2044,High-Priced Center-Based,998888.0,23425.0,23895.0,15605.0,15918.0,22835.0,23482.0,15212.0,15643.0
child_ubi_1k,2044,Paid Home-Based,745635.0,14200.0,16792.0,9460.0,11186.0,14077.0,16490.0,9377.0,10985.0
child_ubi_1k,2045,all_paid_formal,3060986.0,14371.0,17004.0,9361.0,11077.0,14076.0,16693.0,9169.0,10874.0
child_ubi_1k,2045,Low-Priced Center-Based,1335312.0,11603.0,11234.0,7558.0,7318.0,11480.0,10985.0,7478.0,7155.0
child_ubi_1k,2045,High-Priced Center-Based,976254.0,23924.0,24537.0,15584.0,15984.0,23451.0,24128.0,15277.0,15717.0
child_ubi_1k,2045,Paid Home-Based,749421.0,14592.0,17473.0,9506.0,11382.0,14482.0,17180.0,9434.0,11191.0
child_ubi_1k,2046,all_paid_formal,3015132.0,14774.0,17392.0,9411.0,11078.0,14392.0,17089.0,9168.0,10886.0
child_ubi_1k,2046,Low-Priced Center-Based,1293284.0,11523.0,11496.0,7340.0,7323.0,11499.0,11255.0,7325.0,7169.0
child_ubi_1k,2046,High-Priced Center-Based,974481.0,24019.0,24860.0,15299.0,15835.0,23653.0,24469.0,15067.0,15586.0
child_ubi_1k,2046,Paid Home-Based,747367.0,14992.0,17856.0,9550.0,11374.0,14895.0,17564.0,9488.0,11188.0
child_ubi_1k,2047,all_paid_formal,2957628.0,15241.0,17925.0,9493.0,11165.0,14983.0,17619.0,9332.0,10975.0
child_ubi_1k,2047,Low-Priced Center-Based,1286528.0,12366.0,11999.0,7703.0,7474.0,12212.0,11754.0,7606.0,7321.0
child_ubi_1k,2047,High-Priced Center-Based,942581.0,25517.0,26019.0,15894.0,16206.0,24955.0,25615.0,15544.0,15955.0
child_ubi_1k,2047,Paid Home-Based,728518.0,15401.0,17920.0,9593.0,11162.0,15111.0,17631.0,9412.0,10982.0
child_ubi_1k,2048,all_paid_formal,2946405.0,15733.0,18419.0,9583.0,11218.0,15491.0,18119.0,9435.0,11036.0
child_ubi_1k,2048,Low-Priced Center-Based,1269204.0,12842.0,12424.0,7822.0,7567.0,12842.0,12182.0,7822.0,7420.0
child_ubi_1k,2048,High-Priced Center-Based,956060.0,26014.0,26260.0,15844.0,15994.0,25414.0,25869.0,15479.0,15756.0
child_ubi_1k,2048,Paid Home-Based,721140.0,15820.0,18575.0,9636.0,11313.0,15751.0,18294.0,9594.0,11143.0
child_ubi_1k,2049,all_paid_formal,2903655.0,16150.0,18826.0,9618.0,11212.0,15842.0,18536.0,9435.0,11039.0
child_ubi_1k,2049,Low-Priced Center-Based,1257538.0,12932.0,12640.0,7702.0,7528.0,12583.0,12412.0,7494.0,7392.0
child_ubi_1k,2049,High-Priced Center-Based,934047.0,26698.0,26989.0,15900.0,16074.0,26279.0,26599.0,15651.0,15841.0
child_ubi_1k,2049,Paid Home-Based,712070.0,16249.0,19046.0,9677.0,11343.0,16194.0,18775.0,9645.0,11182.0
child_ubi_1k,2050,all_paid_formal,2855461.0,16473.0,19214.0,9594.0,11189.0,16193.0,18928.0,9430.0,11023.0
child_ubi_1k,2050,Low-Priced Center-Based,1223794.0,13513.0,13129.0,7870.0,7646.0,13462.0,12902.0,7840.0,7514.0
child_ubi_1k,2050,High-Priced Center-Based,913876.0,26521.0,27278.0,15445.0,15886.0,26054.0,26898.0,15173.0,15664.0
child_ubi_1k,2050,Paid Home-Based,717791.0,16635.0,19321.0,9687.0,11252.0,16496.0,19054.0,9607.0,11097.0
child_ubi_1k,2051,all_paid_formal,2844747.0,17004.0,19755.0,9683.0,11250.0,16683.0,19472.0,9500.0,11089.0
child_ubi_1k,2051,Low-Priced Center-Based,1229966.0,13719.0,13333.0,7812.0,7593.0,13348.0,13106.0,7601.0,7463.0
child_ubi_1k,2051,High-Priced Center-Based,916790.0,27688.0,28460.0,15767.0,16207.0,27410.0,28087.0,15608.0,15994.0
child_ubi_1k,2051,Paid Home-Based,697991.0,17086.0,19637.0,9729.0,11182.0,16818.0,19376.0,9577.0,11034.0
child_ubi_1k,2052,all_paid_formal,2837241.0,17340.0,20172.0,9655.0,11232.0,17069.0,19895.0,9504.0,11078.0
child_ubi_1k,2052,Low-Priced Center-Based,1247445.0,14129.0,13691.0,7867.0,7623.0,13747.0,13469.0,7654.0,7500.0
child_ubi_1k,2052,High-Priced Center-Based,893905.0,28134.0,29004.0,15665.0,16150.0,27749.0,28632.0,15451.0,15943.0
child_ubi_1k,2052,Paid Home-Based,695892.0,17548.0,20444.0,9771.0,11384.0,17274.0,20191.0,9618.0,11243.0
child_ubi_1k,2053,all_paid_formal,2761519.0,17913.0,20542.0,9753.0,11184.0,17594.0,20268.0,9579.0,11035.0
child_ubi_1k,2053,Low-Priced Center-Based,1204918.0,14634.0,14189.0,7968.0,7725.0,14286.0,13969.0,7778.0,7606.0
child_ubi_1k,2053,High-Priced Center-Based,878287.0,28812.0,29243.0,15687.0,15922.0,28237.0,28876.0,15374.0,15722.0
child_ubi_1k,2053,Paid Home-Based,678314.0,18083.0,20560.0,9845.0,11194.0,17741.0,20310.0,9660.0,11058.0
child_ubi_1k,2054,all_paid_formal,2713134.0,18380.0,21232.0,9785.0,11303.0,18108.0,20962.0,9640.0,11160.0
child_ubi_1k,2054,Low-Priced Center-Based,1163792.0,14595.0,14529.0,7770.0,7735.0,14580.0,14317.0,7762.0,7622.0
child_ubi_1k,2054,High-Priced Center-Based,861744.0,29569.0,30429.0,15742.0,16200.0,28979.0,30062.0,15428.0,16005.0
child_ubi_1k,2054,Paid Home-Based,687597.0,18222.0,21048.0,9701.0,11206.0,18185.0,20802.0,9682.0,11075.0
child_ubi_1k,2055,all_paid_formal,2707392.0,18866.0,21745.0,9821.0,11320.0,18602.0,21480.0,9683.0,11182.0
child_ubi_1k,2055,Low-Priced Center-Based,1194121.0,15018.0,14857.0,7818.0,7734.0,14997.0,14651.0,7807.0,7627.0
child_ubi_1k,2055,High-Priced Center-Based,860172.0,30721.0,31158.0,15992.0,16220.0,30351.0,30799.0,15800.0,16033.0
child_ubi_1k,2055,Paid Home-Based,653098.0,19016.0,21940.0,9899.0,11421.0,18719.0,21694.0,9744.0,11293.0
means_tested,2026,all_paid_formal,6318181.0,3549.0,5325.0,3549.0,5325.0,3106.0,5004.0,3106.0,5004.0
means_tested,2026,Low-Priced Center-Based,1897389.0,1665.0,3661.0,1665.0,3661.0,1579.0,3406.0,1579.0,3406.0
means_tested,2026,High-Priced Center-Based,2888057.0,4192.0,6372.0,4192.0,6372.0,3874.0,6016.0,3874.0,6016.0
means_tested,2026,Paid Home-Based,1532735.0,4135.0,5415.0,4135.0,5415.0,3733.0,5073.0,3733.0,5073.0
means_tested,2027,all_paid_formal,6183120.0,3733.0,5536.0,3640.0,5399.0,3250.0,5222.0,3170.0,5092.0
means_tested,2027,Low-Priced Center-Based,1827515.0,1702.0,3768.0,1660.0,3675.0,1625.0,3517.0,1584.0,3430.0
means_tested,2027,High-Priced Center-Based,2832823.0,4360.0,6634.0,4252.0,6469.0,4061.0,6289.0,3961.0,6133.0
means_tested,2027,Paid Home-Based,1522782.0,4351.0,5616.0,4243.0,5477.0,3895.0,5283.0,3798.0,5152.0
means_tested,2028,all_paid_formal,6094674.0,3927.0,5764.0,3741.0,5492.0,3513.0,5468.0,3347.0,5209.0
means_tested,2028,Low-Priced Center-Based,1811651.0,1765.0,3928.0,1681.0,3742.0,1694.0,3693.0,1614.0,3518.0
means_tested,2028,High-Priced Center-Based,2771688.0,4553.0,6908.0,4338.0,6581.0,4323.0,6582.0,4118.0,6270.0
means_tested,2028,Paid Home-Based,1511335.0,4561.0,5868.0,4345.0,5590.0,4206.0,5552.0,4007.0,5289.0
means_tested,2029,all_paid_formal,6063460.0,3921.0,5930.0,3652.0,5523.0,3530.0,5637.0,3287.0,5250.0
means_tested,2029,Low-Priced Center-Based,1799705.0,1868.0,4073.0,1739.0,3793.0,1800.0,3834.0,1677.0,3570.0
means_tested,2029,High-Priced Center-Based,2767818.0,4615.0,7088.0,4298.0,6602.0,4332.0,6765.0,4035.0,6301.0
means_tested,2029,Paid Home-Based,1495936.0,4671.0,6024.0,4350.0,5610.0,4274.0,5719.0,3981.0,5326.0
means_tested,2030,all_paid_formal,5961385.0,3986.0,6105.0,3631.0,5560.0,3621.0,5825.0,3298.0,5305.0
means_tested,2030,Low-Priced Center-Based,1784162.0,2007.0,4234.0,1827.0,3856.0,1934.0,4003.0,1762.0,3646.0
means_tested,2030,High-Priced Center-Based,2709363.0,4734.0,7343.0,4311.0,6688.0,4477.0,7034.0,4078.0,6406.0
means_tested,2030,Paid Home-Based,1467861.0,4604.0,6093.0,4193.0,5549.0,4303.0,5806.0,3919.0,5288.0
means_tested,2031,all_paid_formal,5947820.0,4180.0,6308.0,3722.0,5618.0,3832.0,6035.0,3413.0,5375.0
means_tested,2031,Low-Priced Center-Based,1801244.0,2070.0,4366.0,1843.0,3888.0,1996.0,4142.0,1778.0,3689.0
means_tested,2031,High-Priced Center-Based,2699720.0,4933.0,7581.0,4394.0,6752.0,4694.0,7280.0,4181.0,6484.0
means_tested,2031,Paid Home-Based,1446856.0,4882.0,6350.0,4348.0,5656.0,4538.0,6068.0,4041.0,5405.0
means_tested,2032,all_paid_formal,5923394.0,4340.0,6529.0,3780.0,5686.0,3984.0,6268.0,3470.0,5459.0
means_tested,2032,Low-Priced Center-Based,1792980.0,2042.0,4443.0,1778.0,3869.0,1992.0,4235.0,1735.0,3689.0
means_tested,2032,High-Priced Center-Based,2679184.0,5123.0,7864.0,4462.0,6849.0,4882.0,7575.0,4252.0,6597.0
means_tested,2032,Paid Home-Based,1451230.0,5093.0,6640.0,4436.0,5783.0,4874.0,6368.0,4245.0,5547.0
means_tested,2033,all_paid_formal,5817419.0,4443.0,6680.0,3784.0,5689.0,4139.0,6422.0,3525.0,5470.0
means_tested,2033,Low-Priced Center-Based,1770847.0,2194.0,4610.0,1868.0,3926.0,2113.0,4396.0,1800.0,3745.0
means_tested,2033,High-Priced Center-Based,2627182.0,5258.0,8015.0,4479.0,6827.0,5008.0,7728.0,4266.0,6582.0
means_tested,2033,Paid Home-Based,1419390.0,5214.0,6790.0,4441.0,5784.0,4981.0,6531.0,4242.0,5562.0
means_tested,2034,all_paid_formal,5740191.0,4575.0,6912.0,3810.0,5757.0,4315.0,6666.0,3594.0,5552.0
means_tested,2034,Low-Priced Center-Based,1745661.0,2306.0,4733.0,1921.0,3943.0,2191.0,4532.0,1825.0,3775.0
means_tested,2034,High-Priced Center-Based,2588648.0,5432.0,8303.0,4525.0,6916.0,5200.0,8029.0,4331.0,6688.0
means_tested,2034,Paid Home-Based,1405882.0,5424.0,7056.0,4518.0,5877.0,5252.0,6804.0,4375.0,5668.0
means_tested,2035,all_paid_formal,5678823.0,4737.0,7182.0,3859.0,5850.0,4478.0,6941.0,3648.0,5654.0
means_tested,2035,Low-Priced Center-Based,1724642.0,2368.0,4937.0,1929.0,4022.0,2250.0,4739.0,1833.0,3860.0
means_tested,2035,High-Priced Center-Based,2577428.0,5605.0,8682.0,4566.0,7072.0,5405.0,8415.0,4403.0,6855.0
means_tested,2035,Paid Home-Based,1376753.0,5473.0,7185.0,4458.0,5853.0,5247.0,6942.0,4274.0,5654.0
means_tested,2036,all_paid_formal,5641724.0,4905.0,7318.0,3907.0,5829.0,4578.0,7084.0,3647.0,5643.0
means_tested,2036,Low-Priced Center-Based,1737681.0,2403.0,5055.0,1914.0,4027.0,2306.0,4863.0,1837.0,3874.0
means_tested,2036,High-Priced Center-Based,2514292.0,5772.0,8776.0,4598.0,6991.0,5559.0,8513.0,4428.0,6781.0
means_tested,2036,Paid Home-Based,1389751.0,5804.0,7511.0,4624.0,5983.0,5636.0,7274.0,4490.0,5794.0
means_tested,2037,all_paid_formal,5609799.0,5079.0,7603.0,3957.0,5923.0,4748.0,7372.0,3698.0,5743.0
means_tested,2037,Low-Priced Center-Based,1718048.0,2581.0,5291.0,2011.0,4122.0,2456.0,5100.0,1913.0,3973.0
means_tested,2037,High-Priced Center-Based,2540818.0,5926.0,9089.0,4616.0,7080.0,5721.0,8833.0,4457.0,6880.0
means_tested,2037,Paid Home-Based,1350933.0,6112.0,7749.0,4761.0,6037.0,5926.0,7516.0,4616.0,5855.0
means_tested,2038,all_paid_formal,5545624.0,5241.0,7824.0,3992.0,5961.0,4892.0,7601.0,3726.0,5790.0
means_tested,2038,Low-Priced Center-Based,1723254.0,2579.0,5353.0,1964.0,4078.0,2465.0,5169.0,1878.0,3938.0
means_tested,2038,High-Priced Center-Based,2492925.0,6175.0,9434.0,4704.0,7186.0,5962.0,9181.0,4542.0,6994.0
means_tested,2038,Paid Home-Based,1329445.0,6260.0,8011.0,4769.0,6102.0,6108.0,7789.0,4653.0,5933.0
means_tested,2039,all_paid_formal,5539726.0,5399.0,8094.0,4022.0,6030.0,5123.0,7876.0,3817.0,5867.0
means_tested,2039,Low-Priced Center-Based,1686722.0,2770.0,5625.0,2063.0,4190.0,2667.0,5441.0,1986.0,4053.0
means_tested,2039,High-Priced Center-Based,2482317.0,6422.0,9827.0,4784.0,7320.0,6248.0,9581.0,4654.0,7137.0
means_tested,2039,Paid Home-Based,1370687.0,6175.0,7997.0,4600.0,5957.0,6106.0,7785.0,4549.0,5799.0
means_tested,2040,all_paid_formal,5440095.0,5510.0,8337.0,4014.0,6073.0,5243.0,8125.0,3820.0,5919.0
means_tested,2040,Low-Priced Center-Based,1660070.0,2861.0,5785.0,2084.0,4215.0,2749.0,5605.0,2003.0,4083.0
means_tested,2040,High-Priced Center-Based,2432164.0,6544.0,9985.0,4767.0,7274.0,6391.0,9749.0,4656.0,7102.0
means_tested,2040,Paid Home-Based,1347860.0,6694.0,8504.0,4876.0,6195.0,6587.0,8295.0,4798.0,6043.0
means_tested,2041,all_paid_formal,5471412.0,5782.0,8593.0,4119.0,6121.0,5512.0,8387.0,3927.0,5975.0
means_tested,2041,Low-Priced Center-Based,1700001.0,2835.0,5889.0,2019.0,4195.0,2763.0,5719.0,1968.0,4074.0
means_tested,2041,High-Priced Center-Based,2442549.0,6923.0,10393.0,4932.0,7404.0,6769.0,10157.0,4822.0,7236.0
means_tested,2041,Paid Home-Based,1328861.0,6761.0,8742.0,4816.0,6228.0,6708.0,8546.0,4779.0,6088.0
means_tested,2042,all_paid_formal,5407520.0,5963.0,8850.0,4154.0,6165.0,5684.0,8647.0,3959.0,6024.0
means_tested,2042,Low-Priced Center-Based,1678176.0,3046.0,6151.0,2122.0,4285.0,2955.0,5982.0,2059.0,4168.0
means_tested,2042,High-Priced Center-Based,2400723.0,7069.0,10672.0,4925.0,7435.0,6870.0,10443.0,4786.0,7275.0
means_tested,2042,Paid Home-Based,1328621.0,7257.0,8965.0,5055.0,6246.0,7155.0,8767.0,4985.0,6107.0
means_tested,2043,all_paid_formal,5334743.0,6039.0,9068.0,4114.0,6177.0,5757.0,8871.0,3922.0,6043.0
means_tested,2043,Low-Priced Center-Based,1674436.0,3217.0,6372.0,2192.0,4341.0,3136.0,6201.0,2136.0,4224.0
means_tested,2043,High-Priced Center-Based,2342857.0,7244.0,10880.0,4935.0,7412.0,7024.0,10658.0,4785.0,7261.0
means_tested,2043,Paid Home-Based,1317451.0,7212.0,9273.0,4913.0,6317.0,7150.0,9086.0,4871.0,6190.0
means_tested,2044,all_paid_formal,5272926.0,6126.0,9339.0,4081.0,6221.0,5923.0,9148.0,3946.0,6094.0
means_tested,2044,Low-Priced Center-Based,1633534.0,3244.0,6496.0,2161.0,4327.0,3124.0,6330.0,2081.0,4217.0
means_tested,2044,High-Priced Center-Based,2339251.0,7506.0,11320.0,5000.0,7541.0,7286.0,11105.0,4854.0,7398.0
means_tested,2044,Paid Home-Based,1300141.0,7331.0,9347.0,4884.0,6226.0,7268.0,9166.0,4841.0,6106.0
means_tested,2045,all_paid_formal,5291484.0,6292.0,9646.0,4099.0,6283.0,6082.0,9458.0,3962.0,6161.0
means_tested,2045,Low-Priced Center-Based,1643719.0,3318.0,6697.0,2161.0,4363.0,3221.0,6537.0,2098.0,4258.0
means_tested,2045,High-Priced Center-Based,2357019.0,7708.0,11655.0,5021.0,7592.0,7528.0,11443.0,4904.0,7454.0
means_tested,2045,Paid Home-Based,1290746.0,7475.0,9731.0,4869.0,6339.0,7416.0,9553.0,4831.0,6223.0
means_tested,2046,all_paid_formal,5229427.0,6540.0,9926.0,4166.0,6323.0,6335.0,9746.0,4036.0,6208.0
means_tested,2046,Low-Priced Center-Based,1614998.0,3450.0,6798.0,2198.0,4330.0,3340.0,6642.0,2127.0,4231.0
means_tested,2046,High-Priced Center-Based,2323275.0,7982.0,12011.0,5084.0,7651.0,7820.0,11811.0,4981.0,7523.0
means_tested,2046,Paid Home-Based,1291154.0,8073.0,10088.0,5142.0,6426.0,7999.0,9915.0,5096.0,6316.0
means_tested,2047,all_paid_formal,5144329.0,6714.0,10278.0,4182.0,6402.0,6491.0,10097.0,4043.0,6289.0
means_tested,2047,Low-Priced Center-Based,1614860.0,3555.0,7046.0,2214.0,4389.0,3433.0,6891.0,2138.0,4292.0
means_tested,2047,High-Priced Center-Based,2255656.0,8313.0,12513.0,5178.0,7794.0,8182.0,12307.0,5096.0,7666.0
means_tested,2047,Paid Home-Based,1273814.0,8435.0,10417.0,5254.0,6489.0,8435.0,10249.0,5254.0,6384.0
means_tested,2048,all_paid_formal,5054894.0,7031.0,10592.0,4282.0,6451.0,6804.0,10417.0,4144.0,6344.0
means_tested,2048,Low-Priced Center-Based,1578014.0,3707.0,7367.0,2258.0,4487.0,3581.0,7215.0,2181.0,4394.0
means_tested,2048,High-Priced Center-Based,2250499.0,8485.0,12722.0,5168.0,7749.0,8361.0,12527.0,5092.0,7630.0
means_tested,2048,Paid Home-Based,1226381.0,8735.0,10832.0,5320.0,6598.0,8734.0,10664.0,5319.0,6495.0
means_tested,2049,all_paid_formal,5016456.0,7161.0,10913.0,4265.0,6500.0,6966.0,10743.0,4149.0,6398.0
means_tested,2049,Low-Priced Center-Based,1565440.0,3818.0,7592.0,2274.0,4521.0,3715.0,7445.0,2212.0,4434.0
means_tested,2049,High-Priced Center-Based,2210511.0,8660.0,13246.0,5158.0,7889.0,8537.0,13052.0,5084.0,7774.0
means_tested,2049,Paid Home-Based,1240505.0,8936.0,10947.0,5322.0,6520.0,8915.0,10791.0,5310.0,6427.0
means_tested,2050,all_paid_formal,4944153.0,7407.0,11155.0,4313.0,6496.0,7250.0,10989.0,4222.0,6400.0
means_tested,2050,Low-Priced Center-Based,1536059.0,3946.0,7882.0,2298.0,4590.0,3812.0,7734.0,2220.0,4504.0
means_tested,2050,High-Priced Center-Based,2169196.0,8962.0,13385.0,5219.0,7795.0,8859.0,13198.0,5159.0,7686.0
means_tested,2050,Paid Home-Based,1238899.0,9270.0,11309.0,5399.0,6586.0,9230.0,11157.0,5375.0,6497.0
means_tested,2051,all_paid_formal,4877184.0,7616.0,11506.0,4337.0,6552.0,7367.0,11342.0,4195.0,6459.0
means_tested,2051,Low-Priced Center-Based,1537437.0,4016.0,7963.0,2287.0,4534.0,3934.0,7817.0,2240.0,4451.0
means_tested,2051,High-Priced Center-Based,2152849.0,9278.0,13994.0,5283.0,7969.0,9139.0,13809.0,5205.0,7864.0
means_tested,2051,Paid Home-Based,1186898.0,9416.0,11582.0,5362.0,6596.0,9416.0,11433.0,5362.0,6510.0
means_tested,2052,all_paid_formal,4841283.0,7685.0,11741.0,4279.0,6538.0,7454.0,11583.0,4150.0,6449.0
means_tested,2052,Low-Priced Center-Based,1540379.0,4077.0,8162.0,2270.0,4545.0,4037.0,8020.0,2248.0,4466.0
means_tested,2052,High-Priced Center-Based,2108644.0,9518.0,14195.0,5300.0,7904.0,9364.0,14016.0,5214.0,7805.0
means_tested,2052,Paid Home-Based,1192260.0,9871.0,12027.0,5496.0,6697.0,9747.0,11881.0,5428.0,6616.0
means_tested,2053,all_paid_formal,4774517.0,7890.0,12096.0,4296.0,6586.0,7716.0,11942.0,4201.0,6502.0
means_tested,2053,Low-Priced Center-Based,1517318.0,4542.0,8626.0,2473.0,4697.0,4451.0,8483.0,2424.0,4619.0
means_tested,2053,High-Priced Center-Based,2103634.0,9645.0,14557.0,5251.0,7926.0,9513.0,14388.0,5179.0,7834.0
means_tested,2053,Paid Home-Based,1153564.0,9645.0,12173.0,5251.0,6628.0,9645.0,12032.0,5251.0,6551.0
means_tested,2054,all_paid_formal,4728227.0,8100.0,12474.0,4312.0,6641.0,7861.0,12322.0,4185.0,6560.0
means_tested,2054,Low-Priced Center-Based,1480060.0,4422.0,8668.0,2354.0,4615.0,4352.0,8533.0,2317.0,4543.0
means_tested,2054,High-Priced Center-Based,2061133.0,9949.0,15082.0,5297.0,8029.0,9824.0,14911.0,5230.0,7938.0
means_tested,2054,Paid Home-Based,1187034.0,10469.0,12690.0,5573.0,6756.0,10444.0,12550.0,5560.0,6682.0
means_tested,2055,all_paid_formal,4666216.0,8274.0,12860.0,4307.0,6694.0,8038.0,12711.0,4184.0,6617.0
means_tested,2055,Low-Priced Center-Based,1494395.0,4555.0,8907.0,2371.0,4636.0,4501.0,8774.0,2343.0,4567.0
means_tested,2055,High-Priced Center-Based,2037393.0,10368.0,15633.0,5397.0,8138.0,10176.0,15466.0,5297.0,8051.0
means_tested,2055,Paid Home-Based,1134428.0,10498.0,13088.0,5465.0,6813.0,10437.0,12951.0,5433.0,6742.0
universal,2026,all_paid_formal,6486539.0,3801.0,5651.0,3801.0,5651.0,3427.0,5322.0,3427.0,5322.0
universal,2026,Low-Priced Center-Based,1864555.0,1608.0,3599.0,1608.0,3599.0,1514.0,3349.0,1514.0,3349.0
universal,2026,High-Priced Center-Based,3033875.0,4459.0,6847.0,4459.0,6847.0,4152.0,6481.0,4152.0,6481.0
universal,2026,Paid Home-Based,1588109.0,4362.0,5773.0,4362.0,5773.0,4022.0,5424.0,4022.0,5424.0
universal,2027,all_paid_formal,6357128.0,3972.0,5876.0,3874.0,5730.0,3588.0,5554.0,3499.0,5416.0
universal,2027,Low-Priced Center-Based,1798110.0,1659.0,3701.0,1618.0,3609.0,1553.0,3456.0,1514.0,3370.0
universal,2027,High-Priced Center-Based,2978684.0,4659.0,7129.0,4543.0,6952.0,4361.0,6773.0,4253.0,6605.0
universal,2027,Paid Home-Based,1580334.0,4548.0,5986.0,4435.0,5838.0,4266.0,5644.0,4160.0,5503.0
universal,2028,all_paid_formal,6265475.0,4152.0,6124.0,3955.0,5834.0,3811.0,5820.0,3631.0,5544.0
universal,2028,Low-Priced Center-Based,1781623.0,1708.0,3858.0,1628.0,3676.0,1648.0,3628.0,1570.0,3456.0
universal,2028,High-Priced Center-Based,2919381.0,4935.0,7466.0,4701.0,7113.0,4647.0,7127.0,4427.0,6790.0
universal,2028,Paid Home-Based,1564470.0,4760.0,6200.0,4535.0,5907.0,4566.0,5876.0,4350.0,5598.0
universal,2029,all_paid_formal,6225694.0,4232.0,6299.0,3941.0,5867.0,3867.0,5998.0,3601.0,5586.0
universal,2029,Low-Priced Center-Based,1766034.0,1797.0,3991.0,1674.0,3717.0,1722.0,3758.0,1604.0,3500.0
universal,2029,High-Priced Center-Based,2914239.0,4942.0,7670.0,4602.0,7143.0,4665.0,7334.0,4344.0,6830.0
universal,2029,Paid Home-Based,1545421.0,4865.0,6352.0,4531.0,5916.0,4588.0,6039.0,4273.0,5624.0
universal,2030,all_paid_formal,6122222.0,4320.0,6481.0,3934.0,5903.0,3964.0,6193.0,3610.0,5640.0
universal,2030,Low-Priced Center-Based,1755082.0,1943.0,4165.0,1770.0,3793.0,1892.0,3939.0,1723.0,3587.0
universal,2030,High-Priced Center-Based,2853198.0,5102.0,7926.0,4646.0,7219.0,4899.0,7602.0,4462.0,6924.0
universal,2030,Paid Home-Based,1513942.0,4871.0,6444.0,4436.0,5869.0,4631.0,6149.0,4218.0,5600.0
universal,2031,all_paid_formal,6100542.0,4517.0,6679.0,4023.0,5948.0,4127.0,6398.0,3676.0,5698.0
universal,2031,Low-Priced Center-Based,1772309.0,2008.0,4294.0,1788.0,3825.0,1950.0,4076.0,1737.0,3630.0
universal,2031,High-Priced Center-Based,2834104.0,5294.0,8154.0,4715.0,7262.0,5042.0,7841.0,4491.0,6983.0
universal,2031,Paid Home-Based,1494129.0,5109.0,6708.0,4550.0,5974.0,4882.0,6417.0,4348.0,5715.0
universal,2032,all_paid_formal,6077391.0,4690.0,6897.0,4085.0,6007.0,4341.0,6629.0,3781.0,5773.0
universal,2032,Low-Priced Center-Based,1769868.0,1990.0,4382.0,1733.0,3816.0,1921.0,4179.0,1673.0,3639.0
universal,2032,High-Priced Center-Based,2809839.0,5464.0,8424.0,4759.0,7337.0,5259.0,8121.0,4580.0,7073.0
universal,2032,Paid Home-Based,1497684.0,5407.0,7004.0,4709.0,6100.0,5145.0,6723.0,4481.0,5855.0
universal,2033,all_paid_formal,5976093.0,4858.0,7087.0,4138.0,6036.0,4475.0,6820.0,3812.0,5809.0
universal,2033,Low-Priced Center-Based,1744997.0,2121.0,4546.0,1806.0,3872.0,2062.0,4338.0,1756.0,3695.0
universal,2033,High-Priced Center-Based,2760369.0,5609.0,8629.0,4777.0,7350.0,5362.0,8329.0,4567.0,7094.0
universal,2033,Paid Home-Based,1470728.0,5560.0,7205.0,4736.0,6137.0,5354.0,6935.0,4560.0,5907.0
universal,2034,all_paid_formal,5891253.0,5010.0,7329.0,4173.0,6105.0,4668.0,7074.0,3888.0,5893.0
universal,2034,Low-Priced Center-Based,1718572.0,2237.0,4655.0,1863.0,3877.0,2175.0,4459.0,1811.0,3714.0
universal,2034,High-Priced Center-Based,2717676.0,5802.0,8952.0,4833.0,7456.0,5566.0,8664.0,4636.0,7217.0
universal,2034,Paid Home-Based,1455004.0,5810.0,7456.0,4839.0,6211.0,5627.0,7193.0,4687.0,5992.0
universal,2035,all_paid_formal,5823698.0,5163.0,7605.0,4206.0,6195.0,4851.0,7357.0,3952.0,5992.0
universal,2035,Low-Priced Center-Based,1691599.0,2266.0,4835.0,1846.0,3939.0,2199.0,4643.0,1791.0,3782.0
universal,2035,High-Priced Center-Based,2705773.0,6000.0,9316.0,4887.0,7588.0,5834.0,9035.0,4752.0,7359.0
universal,2035,Paid Home-Based,1426326.0,5808.0,7646.0,4731.0,6228.0,5550.0,7391.0,4521.0,6020.0
universal,2036,all_paid_formal,5785320.0,5314.0,7736.0,4233.0,6162.0,4974.0,7493.0,3962.0,5969.0
universal,2036,Low-Priced Center-Based,1713247.0,2342.0,4982.0,1865.0,3969.0,2289.0,4796.0,1823.0,3820.0
universal,2036,High-Priced Center-Based,2632924.0,6161.0,9423.0,4907.0,7506.0,5928.0,9147.0,4722.0,7286.0
universal,2036,Paid Home-Based,1439148.0,6205.0,7927.0,4943.0,6314.0,6001.0,7678.0,4780.0,6116.0
universal,2037,all_paid_formal,5759917.0,5511.0,8059.0,4293.0,6278.0,5226.0,7819.0,4071.0,6091.0
universal,2037,Low-Priced Center-Based,1689142.0,2493.0,5199.0,1942.0,4050.0,2397.0,5014.0,1867.0,3906.0
universal,2037,High-Priced Center-Based,2670034.0,6328.0,9790.0,4930.0,7626.0,6095.0,9519.0,4748.0,7415.0
universal,2037,Paid Home-Based,1400740.0,6518.0,8208.0,5078.0,6394.0,6370.0,7962.0,4962.0,6202.0
universal,2038,all_paid_formal,5694191.0,5699.0,8306.0,4341.0,6327.0,5370.0,8073.0,4091.0,6150.0
universal,2038,Low-Priced Center-Based,1695156.0,2482.0,5260.0,1891.0,4007.0,2423.0,5082.0,1846.0,3872.0
universal,2038,High-Priced Center-Based,2621359.0,6647.0,10177.0,5063.0,7752.0,6385.0,9910.0,4864.0,7549.0
universal,2038,Paid Home-Based,1377676.0,6716.0,8493.0,5116.0,6470.0,6576.0,8259.0,5009.0,6292.0
universal,2039,all_paid_formal,5686050.0,5890.0,8587.0,4388.0,6397.0,5548.0,8360.0,4133.0,6228.0
universal,2039,Low-Priced Center-Based,1663416.0,2706.0,5556.0,2016.0,4139.0,2585.0,5377.0,1926.0,4006.0
universal,2039,High-Priced Center-Based,2599394.0,6837.0,10531.0,5094.0,7845.0,6598.0,10272.0,4915.0,7652.0
universal,2039,Paid Home-Based,1423239.0,6720.0,8578.0,5006.0,6391.0,6500.0,8353.0,4843.0,6223.0
universal,2040,all_paid_formal,5591745.0,6095.0,8863.0,4441.0,6456.0,5829.0,8641.0,4246.0,6295.0
universal,2040,Low-Priced Center-Based,1632766.0,2782.0,5687.0,2027.0,4143.0,2685.0,5514.0,1956.0,4017.0
universal,2040,High-Priced Center-Based,2559044.0,7013.0,10795.0,5109.0,7864.0,6775.0,10544.0,4935.0,7681.0
universal,2040,Paid Home-Based,1399934.0,7227.0,9034.0,5265.0,6581.0,7081.0,8811.0,5158.0,6419.0
universal,2041,all_paid_formal,5609233.0,6333.0,9098.0,4512.0,6481.0,6074.0,8884.0,4327.0,6329.0
universal,2041,Low-Priced Center-Based,1675091.0,2741.0,5805.0,1953.0,4135.0,2689.0,5640.0,1916.0,4018.0
universal,2041,High-Priced Center-Based,2562160.0,7334.0,11202.0,5225.0,7980.0,7187.0,10951.0,5120.0,7801.0
universal,2041,Paid Home-Based,1371982.0,7251.0,9191.0,5166.0,6547.0,7067.0,8983.0,5035.0,6400.0
universal,2042,all_paid_formal,5539667.0,6516.0,9357.0,4539.0,6518.0,6230.0,9146.0,4340.0,6371.0
universal,2042,Low-Priced Center-Based,1653055.0,2971.0,6078.0,2070.0,4234.0,2894.0,5914.0,2016.0,4120.0
universal,2042,High-Priced Center-Based,2512254.0,7447.0,11421.0,5188.0,7956.0,7269.0,11178.0,5064.0,7787.0
universal,2042,Paid Home-Based,1374358.0,7760.0,9528.0,5406.0,6638.0,7607.0,9317.0,5299.0,6491.0
universal,2043,all_paid_formal,5476879.0,6574.0,9639.0,4478.0,6566.0,6297.0,9433.0,4289.0,6426.0
universal,2043,Low-Priced Center-Based,1650412.0,3161.0,6290.0,2154.0,4285.0,3061.0,6124.0,2085.0,4172.0
universal,2043,High-Priced Center-Based,2463826.0,7738.0,11798.0,5271.0,8037.0,7553.0,11561.0,5145.0,7875.0
universal,2043,Paid Home-Based,1362641.0,7800.0,9791.0,5314.0,6670.0,7648.0,9593.0,5210.0,6535.0
universal,2044,all_paid_formal,5402586.0,6659.0,9868.0,4436.0,6573.0,6400.0,9668.0,4263.0,6440.0
universal,2044,Low-Priced Center-Based,1606041.0,3145.0,6392.0,2095.0,4258.0,3087.0,6232.0,2057.0,4151.0
universal,2044,High-Priced Center-Based,2451559.0,7941.0,12112.0,5290.0,8069.0,7788.0,11883.0,5188.0,7916.0
universal,2044,Paid Home-Based,1344986.0,7962.0,9927.0,5304.0,6613.0,7832.0,9734.0,5217.0,6484.0
universal,2045,all_paid_formal,5416475.0,6838.0,10168.0,4454.0,6624.0,6584.0,9972.0,4289.0,6496.0
universal,2045,Low-Priced Center-Based,1622392.0,3252.0,6626.0,2119.0,4316.0,3203.0,6470.0,2087.0,4214.0
universal,2045,High-Priced Center-Based,2462326.0,8093.0,12433.0,5272.0,8099.0,7970.0,12207.0,5192.0,7952.0
universal,2045,Paid Home-Based,1331756.0,8112.0,10296.0,5284.0,6707.0,8086.0,10106.0,5268.0,6583.0
universal,2046,all_paid_formal,5356458.0,7088.0,10509.0,4515.0,6694.0,6887.0,10320.0,4387.0,6573.0
universal,2046,Low-Priced Center-Based,1593163.0,3375.0,6716.0,2150.0,4278.0,3337.0,6565.0,2126.0,4182.0
universal,2046,High-Priced Center-Based,2432025.0,8463.0,12900.0,5391.0,8217.0,8264.0,12684.0,5264.0,8079.0
universal,2046,Paid Home-Based,1331271.0,8672.0,10680.0,5524.0,6803.0,8558.0,10494.0,5451.0,6685.0
universal,2047,all_paid_formal,5271363.0,7251.0,10911.0,4517.0,6796.0,7095.0,10721.0,4419.0,6678.0
universal,2047,Low-Priced Center-Based,1595715.0,3456.0,6975.0,2153.0,4345.0,3422.0,6825.0,2132.0,4251.0
universal,2047,High-Priced Center-Based,2360967.0,8860.0,13489.0,5519.0,8402.0,8676.0,13268.0,5404.0,8264.0
universal,2047,Paid Home-Based,1314682.0,9103.0,11056.0,5670.0,6887.0,8917.0,10876.0,5554.0,6775.0
universal,2048,all_paid_formal,5181069.0,7612.0,11222.0,4636.0,6835.0,7396.0,11037.0,4505.0,6723.0
universal,2048,Low-Priced Center-Based,1557451.0,3619.0,7276.0,2204.0,4432.0,3563.0,7129.0,2170.0,4342.0
universal,2048,High-Priced Center-Based,2355837.0,9022.0,13684.0,5495.0,8334.0,8860.0,13473.0,5396.0,8206.0
universal,2048,Paid Home-Based,1267780.0,9390.0,11495.0,5719.0,7001.0,9234.0,11313.0,5624.0,6891.0
universal,2049,all_paid_formal,5139257.0,7752.0,11582.0,4617.0,6898.0,7591.0,11403.0,4521.0,6792.0
universal,2049,Low-Priced Center-Based,1541653.0,3713.0,7488.0,2212.0,4460.0,3659.0,7347.0,2179.0,4375.0
universal,2049,High-Priced Center-Based,2313479.0,9236.0,14277.0,5500.0,8503.0,9109.0,14068.0,5425.0,8379.0
universal,2049,Paid Home-Based,1284125.0,9603.0,11643.0,5719.0,6934.0,9432.0,11474.0,5618.0,6833.0
universal,2050,all_paid_formal,5063563.0,8026.0,11834.0,4674.0,6892.0,7857.0,11659.0,4576.0,6790.0
universal,2050,Low-Priced Center-Based,1514104.0,3827.0,7777.0,2228.0,4529.0,3772.0,7634.0,2197.0,4446.0
universal,2050,High-Priced Center-Based,2273345.0,9578.0,14456.0,5578.0,8419.0,9417.0,14254.0,5484.0,8301.0
universal,2050,Paid Home-Based,1276115.0,9816.0,11976.0,5716.0,6974.0,9631.0,11812.0,5609.0,6879.0
universal,2051,all_paid_formal,4991509.0,8169.0,12184.0,4652.0,6938.0,7910.0,12011.0,4505.0,6840.0
universal,2051,Low-Priced Center-Based,1518330.0,3926.0,7878.0,2236.0,4486.0,3877.0,7737.0,2208.0,4406.0
universal,2051,High-Priced Center-Based,2245734.0,9778.0,14978.0,5568.0,8529.0,9693.0,14779.0,5520.0,8416.0
universal,2051,Paid Home-Based,1227445.0,10164.0,12396.0,5788.0,7059.0,9955.0,12233.0,5669.0,6966.0
universal,2052,all_paid_formal,4955825.0,8206.0,12453.0,4569.0,6934.0,7993.0,12286.0,4451.0,6841.0
universal,2052,Low-Priced Center-Based,1525536.0,3999.0,8087.0,2227.0,4503.0,3951.0,7948.0,2200.0,4426.0
universal,2052,High-Priced Center-Based,2203029.0,10035.0,15287.0,5588.0,8512.0,9936.0,15094.0,5532.0,8405.0
universal,2052,Paid Home-Based,1227260.0,10435.0,12795.0,5810.0,7124.0,10242.0,12638.0,5703.0,7037.0
universal,2053,all_paid_formal,4882202.0,8424.0,12815.0,4586.0,6978.0,8294.0,12653.0,4516.0,6889.0
universal,2053,Low-Priced Center-Based,1496376.0,4451.0,8534.0,2424.0,4646.0,4370.0,8396.0,2379.0,4572.0
universal,2053,High-Priced Center-Based,2197536.0,10235.0,15681.0,5573.0,8538.0,9986.0,15496.0,5437.0,8437.0
universal,2053,Paid Home-Based,1188290.0,10357.0,12908.0,5639.0,7028.0,10275.0,12755.0,5594.0,6945.0
universal,2054,all_paid_formal,4833850.0,8647.0,13175.0,4603.0,7014.0,8431.0,13014.0,4488.0,6929.0
universal,2054,Low-Priced Center-Based,1460692.0,4278.0,8566.0,2278.0,4560.0,4235.0,8436.0,2255.0,4491.0
universal,2054,High-Priced Center-Based,2148401.0,10491.0,16102.0,5585.0,8572.0,10321.0,15917.0,5494.0,8474.0
universal,2054,Paid Home-Based,1224757.0,11101.0,13537.0,5910.0,7207.0,10936.0,13384.0,5822.0,7126.0
universal,2055,all_paid_formal,4762018.0,8816.0,13554.0,4589.0,7056.0,8567.0,13398.0,4459.0,6975.0
universal,2055,Low-Priced Center-Based,1477139.0,4473.0,8818.0,2328.0,4591.0,4395.0,8690.0,2288.0,4524.0
universal,2055,High-Priced Center-Based,2113805.0,10852.0,16669.0,5649.0,8677.0,10653.0,16490.0,5545.0,8584.0
universal,2055,Paid Home-Based,1171074.0,11283.0,13907.0,5873.0,7239.0,11130.0,13757.0,5794.0,7161.0
wage_subsidy,2026,all_paid_formal,4120260.0,7640.0,9897.0,7640.0,9897.0,7089.0,9461.0,7089.0,9461.0
wage_subsidy,2026,Low-Priced Center-Based,1802233.0,6150.0,5603.0,6150.0,5603.0,5585.0,5227.0,5585.0,5227.0
wage_subsidy,2026,High-Priced Center-Based,1335156.0,13747.0,15119.0,13747.0,15119.0,13412.0,14636.0,13412.0,14636.0
wage_subsidy,2026,Paid Home-Based,982870.0,8449.0,10677.0,8449.0,10677.0,7900.0,10196.0,7900.0,10196.0
wage_subsidy,2027,all_paid_formal,4063772.0,7936.0,10196.0,7739.0,9942.0,7366.0,9768.0,7183.0,9525.0
wage_subsidy,2027,Low-Priced Center-Based,1759494.0,6326.0,5762.0,6169.0,5619.0,5759.0,5394.0,5616.0,5260.0
wage_subsidy,2027,High-Priced Center-Based,1315920.0,14298.0,15556.0,13943.0,15170.0,13962.0,15076.0,13615.0,14702.0
wage_subsidy,2027,Paid Home-Based,988359.0,9038.0,10952.0,8814.0,10680.0,8469.0,10487.0,8259.0,10226.0
wage_subsidy,2028,all_paid_formal,4052640.0,8177.0,10474.0,7789.0,9979.0,7607.0,10062.0,7247.0,9585.0
wage_subsidy,2028,Low-Priced Center-Based,1773293.0,6518.0,5952.0,6209.0,5670.0,5953.0,5598.0,5671.0,5333.0
wage_subsidy,2028,High-Priced Center-Based,1294925.0,14674.0,16121.0,13979.0,15358.0,14363.0,15651.0,13683.0,14910.0
wage_subsidy,2028,Paid Home-Based,984422.0,9056.0,11193.0,8628.0,10663.0,8456.0,10749.0,8056.0,10240.0
wage_subsidy,2029,all_paid_formal,4000593.0,8378.0,10747.0,7803.0,10009.0,7844.0,10334.0,7306.0,9625.0
wage_subsidy,2029,Low-Priced Center-Based,1743460.0,6694.0,6091.0,6235.0,5673.0,6152.0,5734.0,5730.0,5341.0
wage_subsidy,2029,High-Priced Center-Based,1288946.0,14982.0,16401.0,13954.0,15275.0,14660.0,15935.0,13653.0,14841.0
wage_subsidy,2029,Paid Home-Based,968188.0,9292.0,11603.0,8654.0,10807.0,8750.0,11162.0,8149.0,10396.0
wage_subsidy,2030,all_paid_formal,3924357.0,8564.0,10978.0,7799.0,9998.0,8056.0,10577.0,7337.0,9633.0
wage_subsidy,2030,Low-Priced Center-Based,1721463.0,6893.0,6262.0,6278.0,5703.0,6354.0,5917.0,5787.0,5389.0
wage_subsidy,2030,High-Priced Center-Based,1244881.0,15555.0,17013.0,14167.0,15495.0,15158.0,16551.0,13805.0,15074.0
wage_subsidy,2030,Paid Home-Based,958014.0,9351.0,11609.0,8516.0,10573.0,8806.0,11190.0,8020.0,10191.0
wage_subsidy,2031,all_paid_formal,3949704.0,8812.0,11287.0,7848.0,10052.0,8319.0,10897.0,7409.0,9706.0
wage_subsidy,2031,Low-Priced Center-Based,1725639.0,6968.0,6468.0,6206.0,5761.0,6532.0,6133.0,5818.0,5462.0
wage_subsidy,2031,High-Priced Center-Based,1271315.0,15745.0,17254.0,14023.0,15367.0,15515.0,16808.0,13818.0,14969.0
wage_subsidy,2031,Paid Home-Based,952750.0,9650.0,12052.0,8595.0,10733.0,9177.0,11642.0,8173.0,10368.0
wage_subsidy,2032,all_paid_formal,3881197.0,9138.0,11586.0,7959.0,10091.0,8593.0,11207.0,7484.0,9761.0
wage_subsidy,2032,Low-Priced Center-Based,1679508.0,7300.0,6650.0,6358.0,5792.0,6845.0,6334.0,5962.0,5517.0
wage_subsidy,2032,High-Priced Center-Based,1266143.0,16210.0,17616.0,14118.0,15343.0,15905.0,17169.0,13853.0,14954.0
wage_subsidy,2032,Paid Home-Based,935545.0,9900.0,12284.0,8622.0,10699.0,9430.0,11886.0,8213.0,10352.0
wage_subsidy,2033,all_paid_formal,3876148.0,9329.0,11894.0,7946.0,10130.0,8811.0,11516.0,7505.0,9809.0
wage_subsidy,2033,Low-Priced Center-Based,1703828.0,7513.0,6866.0,6399.0,5848.0,7049.0,6546.0,6004.0,5575.0
wage_subsidy,2033,High-Priced Center-Based,1234848.0,16550.0,18055.0,14097.0,15378.0,16223.0,17609.0,13818.0,14999.0
wage_subsidy,2033,Paid Home-Based,937472.0,10291.0,12916.0,8765.0,11001.0,9691.0,12524.0,8254.0,10667.0
wage_subsidy,2034,all_paid_formal,3817950.0,9604.0,12120.0,8000.0,10095.0,9108.0,11755.0,7586.0,9791.0
wage_subsidy,2034,Low-Priced Center-Based,1661281.0,7734.0,7072.0,6442.0,5890.0,7278.0,6766.0,6062.0,5636.0
wage_subsidy,2034,High-Priced Center-Based,1229618.0,16867.0,18340.0,14050.0,15276.0,16650.0,17905.0,13869.0,14914.0
wage_subsidy,2034,Paid Home-Based,927050.0,10423.0,12917.0,8682.0,10759.0,9960.0,12537.0,8296.0,10443.0
wage_subsidy,2035,all_paid_formal,3806880.0,9876.0,12452.0,8045.0,10143.0,9392.0,12091.0,7651.0,9849.0
wage_subsidy,2035,Low-Priced Center-Based,1660586.0,7821.0,7168.0,6370.0,5839.0,7427.0,6870.0,6050.0,5596.0
wage_subsidy,2035,High-Priced Center-Based,1236301.0,17301.0,18800.0,14093.0,15314.0,17094.0,18371.0,13924.0,14964.0
wage_subsidy,2035,Paid Home-Based,909992.0,10840.0,13467.0,8829.0,10970.0,10240.0,13087.0,8341.0,10660.0
wage_subsidy,2036,all_paid_formal,3755975.0,10164.0,12805.0,8096.0,10200.0,9698.0,12449.0,7725.0,9916.0
wage_subsidy,2036,Low-Priced Center-Based,1638224.0,8204.0,7473.0,6535.0,5953.0,7826.0,7176.0,6234.0,5716.0
wage_subsidy,2036,High-Priced Center-Based,1205626.0,17859.0,19435.0,14226.0,15481.0,17611.0,19002.0,14029.0,15137.0
wage_subsidy,2036,Paid Home-Based,912125.0,10983.0,13619.0,8749.0,10848.0,10448.0,13256.0,8323.0,10560.0
wage_subsidy,2037,all_paid_formal,3730961.0,10414.0,13082.0,8113.0,10191.0,9923.0,12731.0,7730.0,9918.0
wage_subsidy,2037,Low-Priced Center-Based,1634000.0,8307.0,7630.0,6471.0,5944.0,7918.0,7338.0,6168.0,5716.0
wage_subsidy,2037,High-Priced Center-Based,1202589.0,18330.0,19847.0,14279.0,15460.0,18030.0,19425.0,14045.0,15132.0
wage_subsidy,2037,Paid Home-Based,894373.0,11282.0,13946.0,8789.0,10864.0,10830.0,13585.0,8437.0,10582.0
wage_subsidy,2038,all_paid_formal,3741490.0,10707.0,13492.0,8156.0,10278.0,10302.0,13147.0,7848.0,10015.0
wage_subsidy,2038,Low-Priced Center-Based,1641775.0,8565.0,7910.0,6525.0,6026.0,8319.0,7622.0,6338.0,5806.0
wage_subsidy,2038,High-Priced Center-Based,1200436.0,18915.0,20462.0,14410.0,15588.0,18552.0,20038.0,14132.0,15265.0
wage_subsidy,2038,Paid Home-Based,899279.0,11588.0,14379.0,8828.0,10954.0,10988.0,14035.0,8371.0,10692.0
wage_subsidy,2039,all_paid_formal,3703586.0,10988.0,13702.0,8186.0,10208.0,10570.0,13364.0,7875.0,9956.0
wage_subsidy,2039,Low-Priced Center-Based,1615293.0,8833.0,8185.0,6580.0,6098.0,8601.0,7905.0,6407.0,5889.0
wage_subsidy,2039,High-Priced Center-Based,1176284.0,19190.0,20720.0,14295.0,15436.0,18959.0,20298.0,14124.0,15121.0
wage_subsidy,2039,Paid Home-Based,912009.0,11904.0,14423.0,8868.0,10744.0,11357.0,14089.0,8460.0,10496.0
wage_subsidy,2040,all_paid_formal,3673088.0,11486.0,14159.0,8368.0,10315.0,11046.0,13827.0,8047.0,10073.0
wage_subsidy,2040,Low-Priced Center-Based,1593184.0,9110.0,8377.0,6636.0,6102.0,8705.0,8100.0,6341.0,5901.0
wage_subsidy,2040,High-Priced Center-Based,1164877.0,19822.0,21397.0,14440.0,15588.0,19546.0,20988.0,14239.0,15290.0
wage_subsidy,2040,Paid Home-Based,915027.0,12230.0,15012.0,8909.0,10936.0,11790.0,14681.0,8589.0,10695.0
wage_subsidy,2041,all_paid_formal,3716037.0,11598.0,14418.0,8263.0,10272.0,11264.0,14096.0,8024.0,10042.0
wage_subsidy,2041,Low-Priced Center-Based,1623828.0,9353.0,8552.0,6663.0,6092.0,8971.0,8287.0,6391.0,5904.0
wage_subsidy,2041,High-Priced Center-Based,1188353.0,20222.0,21756.0,14406.0,15498.0,20012.0,21347.0,14256.0,15208.0
wage_subsidy,2041,Paid Home-Based,903856.0,12491.0,15311.0,8898.0,10908.0,11965.0,14996.0,8524.0,10683.0
wage_subsidy,2042,all_paid_formal,3637617.0,11917.0,14704.0,8302.0,10244.0,11576.0,14381.0,8064.0,10018.0
wage_subsidy,2042,Low-Priced Center-Based,1596913.0,9647.0,8888.0,6720.0,6192.0,9270.0,8624.0,6458.0,6008.0
wage_subsidy,2042,High-Priced Center-Based,1139548.0,20760.0,22371.0,14462.0,15585.0,20440.0,21956.0,14239.0,15296.0
wage_subsidy,2042,Paid Home-Based,901155.0,12833.0,15316.0,8940.0,10670.0,12233.0,15001.0,8522.0,10451.0
wage_subsidy,2043,all_paid_formal,3623423.0,12336.0,15206.0,8403.0,10359.0,11938.0,14892.0,8132.0,10145.0
wage_subsidy,2043,Low-Priced Center-Based,1591331.0,9994.0,9133.0,6808.0,6222.0,9578.0,8876.0,6525.0,6047.0
wage_subsidy,2043,High-Priced Center-Based,1143487.0,21310.0,23075.0,14517.0,15719.0,21120.0,22669.0,14388.0,15443.0
wage_subsidy,2043,Paid Home-Based,888606.0,13184.0,15956.0,8981.0,10870.0,12662.0,15657.0,8626.0,10666.0
wage_subsidy,2044,all_paid_formal,3576560.0,12720.0,15587.0,8473.0,10383.0,12399.0,15272.0,8259.0,10174.0
wage_subsidy,2044,Low-Priced Center-Based,1556800.0,10305.0,9441.0,6865.0,6290.0,10068.0,9181.0,6707.0,6116.0
wage_subsidy,2044,High-Priced Center-Based,1143137.0,21874.0,23380.0,14572.0,15574.0,21549.0,22977.0,14355.0,15306.0
wage_subsidy,2044,Paid Home-Based,876623.0,13017.0,16339.0,8671.0,10884.0,12944.0,16041.0,8623.0,10686.0
wage_subsidy,2045,all_paid_formal,3595649.0,12918.0,16008.0,8415.0,10427.0,12595.0,15703.0,8204.0,10229.0
wage_subsidy,2045,Low-Priced Center-Based,1577113.0,10574.0,9648.0,6888.0,6285.0,10151.0,9401.0,6612.0,6124.0
wage_subsidy,2045,High-Priced Center-Based,1133523.0,22450.0,24270.0,14624.0,15810.0,22277.0,23870.0,14511.0,15549.0
wage_subsidy,2045,Paid Home-Based,885013.0,13363.0,16758.0,8705.0,10917.0,13144.0,16473.0,8562.0,10731.0
wage_subsidy,2046,all_paid_formal,3552754.0,13266.0,16444.0,8450.0,10474.0,12934.0,16146.0,8239.0,10284.0
wage_subsidy,2046,Low-Priced Center-Based,1541202.0,10767.0,9882.0,6859.0,6295.0,10460.0,9642.0,6663.0,6142.0
wage_subsidy,2046,High-Priced Center-Based,1137382.0,23037.0,24762.0,14674.0,15773.0,22773.0,24379.0,14506.0,15529.0
wage_subsidy,2046,Paid Home-Based,874170.0,13724.0,17190.0,8742.0,10950.0,13498.0,16900.0,8598.0,10765.0
wage_subsidy,2047,all_paid_formal,3463818.0,13670.0,16896.0,8515.0,10524.0,13339.0,16594.0,8308.0,10336.0
wage_subsidy,2047,Low-Priced Center-Based,1512290.0,11100.0,10237.0,6914.0,6376.0,10776.0,9993.0,6712.0,6224.0
wage_subsidy,2047,High-Priced Center-Based,1094853.0,23786.0,25623.0,14816.0,15960.0,23493.0,25229.0,14633.0,15715.0
wage_subsidy,2047,Paid Home-Based,856675.0,14080.0,17498.0,8770.0,10899.0,13656.0,17209.0,8506.0,10719.0
wage_subsidy,2048,all_paid_formal,3468914.0,14046.0,17353.0,8555.0,10569.0,13782.0,17060.0,8395.0,10391.0
wage_subsidy,2048,Low-Priced Center-Based,1509185.0,11617.0,10631.0,7075.0,6475.0,11377.0,10393.0,6930.0,6330.0
wage_subsidy,2048,High-Priced Center-Based,1115463.0,24253.0,25948.0,14772.0,15804.0,24066.0,25571.0,14658.0,15574.0
wage_subsidy,2048,Paid Home-Based,844265.0,14470.0,18015.0,8813.0,10972.0,14463.0,17733.0,8809.0,10801.0
wage_subsidy,2049,all_paid_formal,3426055.0,14361.0,17724.0,8553.0,10556.0,14167.0,17438.0,8437.0,10386.0
wage_subsidy,2049,Low-Priced Center-Based,1490727.0,11909.0,10844.0,7092.0,6458.0,11585.0,10617.0,6899.0,6323.0
wage_subsidy,2049,High-Priced Center-Based,1088460.0,24881.0,26674.0,14818.0,15886.0,24700.0,26296.0,14710.0,15661.0
wage_subsidy,2049,Paid Home-Based,846869.0,14843.0,18332.0,8840.0,10918.0,14612.0,18060.0,8702.0,10756.0
wage_subsidy,2050,all_paid_formal,3375026.0,14550.0,18029.0,8473.0,10499.0,14496.0,17749.0,8442.0,10337.0
wage_subsidy,2050,Low-Priced Center-Based,1458788.0,12321.0,11219.0,7176.0,6533.0,12042.0,10994.0,7013.0,6403.0
wage_subsidy,2050,High-Priced Center-Based,1070440.0,25526.0,26881.0,14865.0,15654.0,25132.0,26514.0,14636.0,15441.0
wage_subsidy,2050,Paid Home-Based,845798.0,15239.0,18571.0,8875.0,10815.0,14744.0,18308.0,8587.0,10662.0
wage_subsidy,2051,all_paid_formal,3346199.0,15138.0,18569.0,8620.0,10574.0,14980.0,18292.0,8530.0,10417.0
wage_subsidy,2051,Low-Priced Center-Based,1468326.0,12631.0,11498.0,7193.0,6547.0,12324.0,11273.0,7018.0,6419.0
wage_subsidy,2051,High-Priced Center-Based,1063591.0,26188.0,28012.0,14913.0,15951.0,25966.0,27648.0,14786.0,15744.0
wage_subsidy,2051,Paid Home-Based,814281.0,15646.0,18988.0,8910.0,10813.0,15138.0,18730.0,8620.0,10666.0
wage_subsidy,2052,all_paid_formal,3347550.0,15492.0,19050.0,8626.0,10608.0,15365.0,18779.0,8556.0,10456.0
wage_subsidy,2052,Low-Priced Center-Based,1479918.0,13008.0,11782.0,7243.0,6560.0,12704.0,11563.0,7074.0,6439.0
wage_subsidy,2052,High-Priced Center-Based,1054617.0,26867.0,28730.0,14960.0,15998.0,26639.0,28368.0,14833.0,15796.0
wage_subsidy,2052,Paid Home-Based,813015.0,16064.0,19724.0,8945.0,10983.0,15542.0,19472.0,8654.0,10843.0
wage_subsidy,2053,all_paid_formal,3269175.0,15905.0,19460.0,8660.0,10595.0,15833.0,19192.0,8620.0,10449.0
wage_subsidy,2053,Low-Priced Center-Based,1437821.0,13396.0,12158.0,7294.0,6619.0,13036.0,11943.0,7098.0,6502.0
wage_subsidy,2053,High-Priced Center-Based,1036668.0,27563.0,29193.0,15007.0,15895.0,27330.0,28838.0,14880.0,15702.0
wage_subsidy,2053,Paid Home-Based,794686.0,16493.0,19973.0,8980.0,10875.0,15957.0,19724.0,8688.0,10739.0
wage_subsidy,2054,all_paid_formal,3229622.0,16364.0,20001.0,8712.0,10648.0,16296.0,19736.0,8676.0,10507.0
wage_subsidy,2054,Low-Priced Center-Based,1409291.0,13796.0,12520.0,7344.0,6665.0,13259.0,12308.0,7059.0,6553.0
wage_subsidy,2054,High-Priced Center-Based,1012862.0,28278.0,29982.0,15055.0,15962.0,28038.0,29624.0,14927.0,15771.0
wage_subsidy,2054,Paid Home-Based,807469.0,16934.0,20540.0,9015.0,10935.0,16384.0,20297.0,8722.0,10806.0
wage_subsidy,2055,all_paid_formal,3233535.0,16805.0,20500.0,8748.0,10672.0,16769.0,20241.0,8729.0,10537.0
wage_subsidy,2055,Low-Priced Center-Based,1435008.0,13982.0,12794.0,7279.0,6660.0,13642.0,12590.0,7101.0,6554.0
wage_subsidy,2055,High-Priced Center-Based,1016101.0,29015.0,30928.0,15104.0,16100.0,28792.0,30578.0,14988.0,15918.0
wage_subsidy,2055,Paid Home-Based,782426.0,17388.0,21092.0,9052.0,10980.0,16824.0,20851.0,8758.0,10854.0
